-- phpMyAdmin SQL Dump
-- version 5.2.0
-- https://www.phpmyadmin.net/
--
-- Host: 127.0.0.1
-- Generation Time: Jun 15, 2022 at 03:09 PM
-- Server version: 10.4.24-MariaDB
-- PHP Version: 8.1.6

SET SQL_MODE = "NO_AUTO_VALUE_ON_ZERO";
START TRANSACTION;
SET time_zone = "+00:00";


/*!40101 SET @OLD_CHARACTER_SET_CLIENT=@@CHARACTER_SET_CLIENT */;
/*!40101 SET @OLD_CHARACTER_SET_RESULTS=@@CHARACTER_SET_RESULTS */;
/*!40101 SET @OLD_COLLATION_CONNECTION=@@COLLATION_CONNECTION */;
/*!40101 SET NAMES utf8mb4 */;

--
-- Database: `expert`
--

-- --------------------------------------------------------

--
-- Table structure for table `admin_permissions`
--

CREATE TABLE `admin_permissions` (
  `id` int(10) UNSIGNED NOT NULL,
  `action` varchar(255) DEFAULT NULL,
  `subject` varchar(255) DEFAULT NULL,
  `properties` longtext CHARACTER SET utf8mb4 COLLATE utf8mb4_bin DEFAULT NULL CHECK (json_valid(`properties`)),
  `conditions` longtext CHARACTER SET utf8mb4 COLLATE utf8mb4_bin DEFAULT NULL CHECK (json_valid(`conditions`)),
  `created_at` datetime(6) DEFAULT NULL,
  `updated_at` datetime(6) DEFAULT NULL,
  `created_by_id` int(10) UNSIGNED DEFAULT NULL,
  `updated_by_id` int(10) UNSIGNED DEFAULT NULL
) ENGINE=InnoDB DEFAULT CHARSET=utf8mb4;

--
-- Dumping data for table `admin_permissions`
--

INSERT INTO `admin_permissions` (`id`, `action`, `subject`, `properties`, `conditions`, `created_at`, `updated_at`, `created_by_id`, `updated_by_id`) VALUES
(1, 'plugin::content-manager.explorer.create', 'api::case.case', '{\"fields\":[\"patientName\",\"material\",\"type\",\"units\",\"finishDate\",\"lab\"]}', '[]', '2022-05-30 10:53:16.814000', '2022-06-12 01:20:29.105000', NULL, NULL),
(2, 'plugin::content-manager.explorer.create', 'api::cost.cost', '{\"fields\":[\"item\",\"price\",\"payed\",\"loan\"]}', '[]', '2022-05-30 10:53:16.823000', '2022-05-30 10:53:16.823000', NULL, NULL),
(4, 'plugin::content-manager.explorer.create', 'api::lab.lab', '{\"fields\":[\"labName\"]}', '[]', '2022-05-30 10:53:16.839000', '2022-05-30 11:07:26.616000', NULL, NULL),
(5, 'plugin::content-manager.explorer.read', 'api::case.case', '{\"fields\":[\"patientName\",\"material\",\"type\",\"units\",\"finishDate\",\"lab\"]}', '[]', '2022-05-30 10:53:16.845000', '2022-06-12 01:20:29.106000', NULL, NULL),
(6, 'plugin::content-manager.explorer.read', 'api::cost.cost', '{\"fields\":[\"item\",\"price\",\"payed\",\"loan\"]}', '[]', '2022-05-30 10:53:16.852000', '2022-05-30 10:53:16.852000', NULL, NULL),
(8, 'plugin::content-manager.explorer.read', 'api::lab.lab', '{\"fields\":[\"labName\"]}', '[]', '2022-05-30 10:53:16.865000', '2022-05-30 11:07:26.616000', NULL, NULL),
(9, 'plugin::content-manager.explorer.update', 'api::case.case', '{\"fields\":[\"patientName\",\"material\",\"type\",\"units\",\"finishDate\",\"lab\"]}', '[]', '2022-05-30 10:53:16.872000', '2022-06-12 01:20:29.106000', NULL, NULL),
(10, 'plugin::content-manager.explorer.update', 'api::cost.cost', '{\"fields\":[\"item\",\"price\",\"payed\",\"loan\"]}', '[]', '2022-05-30 10:53:16.878000', '2022-05-30 10:53:16.878000', NULL, NULL),
(12, 'plugin::content-manager.explorer.update', 'api::lab.lab', '{\"fields\":[\"labName\"]}', '[]', '2022-05-30 10:53:16.890000', '2022-05-30 11:07:26.616000', NULL, NULL),
(13, 'plugin::content-manager.explorer.delete', 'api::case.case', '{}', '[]', '2022-05-30 10:53:16.897000', '2022-05-30 10:53:16.897000', NULL, NULL),
(14, 'plugin::content-manager.explorer.delete', 'api::cost.cost', '{}', '[]', '2022-05-30 10:53:16.903000', '2022-05-30 10:53:16.903000', NULL, NULL),
(16, 'plugin::content-manager.explorer.delete', 'api::lab.lab', '{}', '[]', '2022-05-30 10:53:16.914000', '2022-05-30 10:53:16.914000', NULL, NULL),
(17, 'plugin::content-manager.explorer.publish', 'api::case.case', '{}', '[]', '2022-05-30 10:53:16.921000', '2022-05-30 10:53:16.921000', NULL, NULL),
(18, 'plugin::content-manager.explorer.publish', 'api::cost.cost', '{}', '[]', '2022-05-30 10:53:16.927000', '2022-05-30 10:53:16.927000', NULL, NULL),
(20, 'plugin::content-manager.explorer.publish', 'api::lab.lab', '{}', '[]', '2022-05-30 10:53:16.941000', '2022-05-30 10:53:16.941000', NULL, NULL),
(21, 'plugin::upload.read', NULL, '{}', '[]', '2022-05-30 10:53:16.947000', '2022-05-30 10:53:16.947000', NULL, NULL),
(22, 'plugin::upload.assets.create', NULL, '{}', '[]', '2022-05-30 10:53:16.953000', '2022-05-30 10:53:16.953000', NULL, NULL),
(23, 'plugin::upload.assets.update', NULL, '{}', '[]', '2022-05-30 10:53:16.959000', '2022-05-30 10:53:16.959000', NULL, NULL),
(24, 'plugin::upload.assets.download', NULL, '{}', '[]', '2022-05-30 10:53:16.965000', '2022-05-30 10:53:16.965000', NULL, NULL),
(25, 'plugin::upload.assets.copy-link', NULL, '{}', '[]', '2022-05-30 10:53:16.972000', '2022-05-30 10:53:16.972000', NULL, NULL),
(26, 'plugin::content-manager.explorer.create', 'api::case.case', '{\"fields\":[\"patientName\",\"material\",\"type\",\"units\",\"finishDate\",\"lab\"]}', '[\"admin::is-creator\"]', '2022-05-30 10:53:16.981000', '2022-06-12 01:20:29.106000', NULL, NULL),
(27, 'plugin::content-manager.explorer.create', 'api::cost.cost', '{\"fields\":[\"item\",\"price\",\"payed\",\"loan\"]}', '[\"admin::is-creator\"]', '2022-05-30 10:53:16.987000', '2022-05-30 10:53:16.987000', NULL, NULL),
(29, 'plugin::content-manager.explorer.create', 'api::lab.lab', '{\"fields\":[\"labName\"]}', '[\"admin::is-creator\"]', '2022-05-30 10:53:17.000000', '2022-05-30 11:07:26.616000', NULL, NULL),
(30, 'plugin::content-manager.explorer.read', 'api::case.case', '{\"fields\":[\"patientName\",\"material\",\"type\",\"units\",\"finishDate\",\"lab\"]}', '[\"admin::is-creator\"]', '2022-05-30 10:53:17.006000', '2022-06-12 01:20:29.106000', NULL, NULL),
(31, 'plugin::content-manager.explorer.read', 'api::cost.cost', '{\"fields\":[\"item\",\"price\",\"payed\",\"loan\"]}', '[\"admin::is-creator\"]', '2022-05-30 10:53:17.013000', '2022-05-30 10:53:17.013000', NULL, NULL),
(33, 'plugin::content-manager.explorer.read', 'api::lab.lab', '{\"fields\":[\"labName\"]}', '[\"admin::is-creator\"]', '2022-05-30 10:53:17.025000', '2022-05-30 11:07:26.616000', NULL, NULL),
(34, 'plugin::content-manager.explorer.update', 'api::case.case', '{\"fields\":[\"patientName\",\"material\",\"type\",\"units\",\"finishDate\",\"lab\"]}', '[\"admin::is-creator\"]', '2022-05-30 10:53:17.032000', '2022-06-12 01:20:29.106000', NULL, NULL),
(35, 'plugin::content-manager.explorer.update', 'api::cost.cost', '{\"fields\":[\"item\",\"price\",\"payed\",\"loan\"]}', '[\"admin::is-creator\"]', '2022-05-30 10:53:17.038000', '2022-05-30 10:53:17.038000', NULL, NULL),
(37, 'plugin::content-manager.explorer.update', 'api::lab.lab', '{\"fields\":[\"labName\"]}', '[\"admin::is-creator\"]', '2022-05-30 10:53:17.052000', '2022-05-30 11:07:26.616000', NULL, NULL),
(38, 'plugin::content-manager.explorer.delete', 'api::case.case', '{}', '[\"admin::is-creator\"]', '2022-05-30 10:53:17.059000', '2022-05-30 10:53:17.059000', NULL, NULL),
(39, 'plugin::content-manager.explorer.delete', 'api::cost.cost', '{}', '[\"admin::is-creator\"]', '2022-05-30 10:53:17.065000', '2022-05-30 10:53:17.065000', NULL, NULL),
(41, 'plugin::content-manager.explorer.delete', 'api::lab.lab', '{}', '[\"admin::is-creator\"]', '2022-05-30 10:53:17.077000', '2022-05-30 10:53:17.077000', NULL, NULL),
(42, 'plugin::upload.read', NULL, '{}', '[\"admin::is-creator\"]', '2022-05-30 10:53:17.083000', '2022-05-30 10:53:17.083000', NULL, NULL),
(43, 'plugin::upload.assets.create', NULL, '{}', '[]', '2022-05-30 10:53:17.088000', '2022-05-30 10:53:17.088000', NULL, NULL),
(44, 'plugin::upload.assets.update', NULL, '{}', '[\"admin::is-creator\"]', '2022-05-30 10:53:17.094000', '2022-05-30 10:53:17.094000', NULL, NULL),
(45, 'plugin::upload.assets.download', NULL, '{}', '[]', '2022-05-30 10:53:17.100000', '2022-05-30 10:53:17.100000', NULL, NULL),
(46, 'plugin::upload.assets.copy-link', NULL, '{}', '[]', '2022-05-30 10:53:17.107000', '2022-05-30 10:53:17.107000', NULL, NULL),
(47, 'plugin::content-manager.explorer.create', 'plugin::users-permissions.user', '{\"fields\":[\"username\",\"email\",\"provider\",\"password\",\"resetPasswordToken\",\"confirmationToken\",\"confirmed\",\"blocked\",\"role\"]}', '[]', '2022-05-30 10:53:17.151000', '2022-05-30 10:53:17.151000', NULL, NULL),
(49, 'plugin::content-manager.explorer.create', 'api::cost.cost', '{\"fields\":[\"item\",\"price\",\"payed\",\"loan\"]}', '[]', '2022-05-30 10:53:17.165000', '2022-05-30 10:53:17.165000', NULL, NULL),
(52, 'plugin::content-manager.explorer.read', 'plugin::users-permissions.user', '{\"fields\":[\"username\",\"email\",\"provider\",\"password\",\"resetPasswordToken\",\"confirmationToken\",\"confirmed\",\"blocked\",\"role\"]}', '[]', '2022-05-30 10:53:17.199000', '2022-05-30 10:53:17.199000', NULL, NULL),
(54, 'plugin::content-manager.explorer.read', 'api::cost.cost', '{\"fields\":[\"item\",\"price\",\"payed\",\"loan\"]}', '[]', '2022-05-30 10:53:17.214000', '2022-05-30 10:53:17.214000', NULL, NULL),
(57, 'plugin::content-manager.explorer.update', 'plugin::users-permissions.user', '{\"fields\":[\"username\",\"email\",\"provider\",\"password\",\"resetPasswordToken\",\"confirmationToken\",\"confirmed\",\"blocked\",\"role\"]}', '[]', '2022-05-30 10:53:17.234000', '2022-05-30 10:53:17.234000', NULL, NULL),
(59, 'plugin::content-manager.explorer.update', 'api::cost.cost', '{\"fields\":[\"item\",\"price\",\"payed\",\"loan\"]}', '[]', '2022-05-30 10:53:17.247000', '2022-05-30 10:53:17.247000', NULL, NULL),
(62, 'plugin::content-manager.explorer.delete', 'plugin::users-permissions.user', '{}', '[]', '2022-05-30 10:53:17.271000', '2022-05-30 10:53:17.271000', NULL, NULL),
(63, 'plugin::content-manager.explorer.delete', 'api::case.case', '{}', '[]', '2022-05-30 10:53:17.277000', '2022-05-30 10:53:17.277000', NULL, NULL),
(64, 'plugin::content-manager.explorer.delete', 'api::cost.cost', '{}', '[]', '2022-05-30 10:53:17.283000', '2022-05-30 10:53:17.283000', NULL, NULL),
(66, 'plugin::content-manager.explorer.delete', 'api::lab.lab', '{}', '[]', '2022-05-30 10:53:17.294000', '2022-05-30 10:53:17.294000', NULL, NULL),
(67, 'plugin::content-manager.explorer.publish', 'api::case.case', '{}', '[]', '2022-05-30 10:53:17.299000', '2022-05-30 10:53:17.299000', NULL, NULL),
(68, 'plugin::content-manager.explorer.publish', 'api::cost.cost', '{}', '[]', '2022-05-30 10:53:17.304000', '2022-05-30 10:53:17.304000', NULL, NULL),
(70, 'plugin::content-manager.explorer.publish', 'api::lab.lab', '{}', '[]', '2022-05-30 10:53:17.316000', '2022-05-30 10:53:17.316000', NULL, NULL),
(71, 'plugin::content-manager.single-types.configure-view', NULL, '{}', '[]', '2022-05-30 10:53:17.322000', '2022-05-30 10:53:17.322000', NULL, NULL),
(72, 'plugin::content-manager.collection-types.configure-view', NULL, '{}', '[]', '2022-05-30 10:53:17.328000', '2022-05-30 10:53:17.328000', NULL, NULL),
(73, 'plugin::content-manager.components.configure-layout', NULL, '{}', '[]', '2022-05-30 10:53:17.333000', '2022-05-30 10:53:17.333000', NULL, NULL),
(74, 'plugin::content-type-builder.read', NULL, '{}', '[]', '2022-05-30 10:53:17.340000', '2022-05-30 10:53:17.340000', NULL, NULL),
(75, 'plugin::email.settings.read', NULL, '{}', '[]', '2022-05-30 10:53:17.345000', '2022-05-30 10:53:17.345000', NULL, NULL),
(76, 'plugin::upload.read', NULL, '{}', '[]', '2022-05-30 10:53:17.351000', '2022-05-30 10:53:17.351000', NULL, NULL),
(77, 'plugin::upload.assets.create', NULL, '{}', '[]', '2022-05-30 10:53:17.358000', '2022-05-30 10:53:17.358000', NULL, NULL),
(78, 'plugin::upload.assets.update', NULL, '{}', '[]', '2022-05-30 10:53:17.363000', '2022-05-30 10:53:17.363000', NULL, NULL),
(79, 'plugin::upload.assets.download', NULL, '{}', '[]', '2022-05-30 10:53:17.370000', '2022-05-30 10:53:17.370000', NULL, NULL),
(80, 'plugin::upload.assets.copy-link', NULL, '{}', '[]', '2022-05-30 10:53:17.376000', '2022-05-30 10:53:17.376000', NULL, NULL),
(81, 'plugin::upload.settings.read', NULL, '{}', '[]', '2022-05-30 10:53:17.381000', '2022-05-30 10:53:17.381000', NULL, NULL),
(82, 'plugin::i18n.locale.create', NULL, '{}', '[]', '2022-05-30 10:53:17.387000', '2022-05-30 10:53:17.387000', NULL, NULL),
(83, 'plugin::i18n.locale.read', NULL, '{}', '[]', '2022-05-30 10:53:17.393000', '2022-05-30 10:53:17.393000', NULL, NULL),
(84, 'plugin::i18n.locale.update', NULL, '{}', '[]', '2022-05-30 10:53:17.398000', '2022-05-30 10:53:17.398000', NULL, NULL),
(85, 'plugin::i18n.locale.delete', NULL, '{}', '[]', '2022-05-30 10:53:17.404000', '2022-05-30 10:53:17.404000', NULL, NULL),
(86, 'plugin::users-permissions.roles.create', NULL, '{}', '[]', '2022-05-30 10:53:17.410000', '2022-05-30 10:53:17.410000', NULL, NULL),
(87, 'plugin::users-permissions.roles.read', NULL, '{}', '[]', '2022-05-30 10:53:17.416000', '2022-05-30 10:53:17.416000', NULL, NULL),
(88, 'plugin::users-permissions.roles.update', NULL, '{}', '[]', '2022-05-30 10:53:17.422000', '2022-05-30 10:53:17.422000', NULL, NULL),
(89, 'plugin::users-permissions.roles.delete', NULL, '{}', '[]', '2022-05-30 10:53:17.427000', '2022-05-30 10:53:17.427000', NULL, NULL),
(90, 'plugin::users-permissions.providers.read', NULL, '{}', '[]', '2022-05-30 10:53:17.433000', '2022-05-30 10:53:17.433000', NULL, NULL),
(91, 'plugin::users-permissions.providers.update', NULL, '{}', '[]', '2022-05-30 10:53:17.439000', '2022-05-30 10:53:17.439000', NULL, NULL),
(92, 'plugin::users-permissions.email-templates.read', NULL, '{}', '[]', '2022-05-30 10:53:17.445000', '2022-05-30 10:53:17.445000', NULL, NULL),
(93, 'plugin::users-permissions.email-templates.update', NULL, '{}', '[]', '2022-05-30 10:53:17.450000', '2022-05-30 10:53:17.450000', NULL, NULL),
(94, 'plugin::users-permissions.advanced-settings.read', NULL, '{}', '[]', '2022-05-30 10:53:17.456000', '2022-05-30 10:53:17.456000', NULL, NULL),
(95, 'plugin::users-permissions.advanced-settings.update', NULL, '{}', '[]', '2022-05-30 10:53:17.462000', '2022-05-30 10:53:17.462000', NULL, NULL),
(96, 'admin::marketplace.read', NULL, '{}', '[]', '2022-05-30 10:53:17.469000', '2022-05-30 10:53:17.469000', NULL, NULL),
(97, 'admin::marketplace.plugins.install', NULL, '{}', '[]', '2022-05-30 10:53:17.475000', '2022-05-30 10:53:17.475000', NULL, NULL),
(98, 'admin::marketplace.plugins.uninstall', NULL, '{}', '[]', '2022-05-30 10:53:17.481000', '2022-05-30 10:53:17.481000', NULL, NULL),
(99, 'admin::webhooks.create', NULL, '{}', '[]', '2022-05-30 10:53:17.487000', '2022-05-30 10:53:17.487000', NULL, NULL),
(100, 'admin::webhooks.read', NULL, '{}', '[]', '2022-05-30 10:53:17.495000', '2022-05-30 10:53:17.495000', NULL, NULL),
(101, 'admin::webhooks.update', NULL, '{}', '[]', '2022-05-30 10:53:17.504000', '2022-05-30 10:53:17.504000', NULL, NULL),
(102, 'admin::webhooks.delete', NULL, '{}', '[]', '2022-05-30 10:53:17.509000', '2022-05-30 10:53:17.509000', NULL, NULL),
(103, 'admin::users.create', NULL, '{}', '[]', '2022-05-30 10:53:17.516000', '2022-05-30 10:53:17.516000', NULL, NULL),
(104, 'admin::users.read', NULL, '{}', '[]', '2022-05-30 10:53:17.524000', '2022-05-30 10:53:17.524000', NULL, NULL),
(105, 'admin::users.update', NULL, '{}', '[]', '2022-05-30 10:53:17.531000', '2022-05-30 10:53:17.531000', NULL, NULL),
(106, 'admin::users.delete', NULL, '{}', '[]', '2022-05-30 10:53:17.538000', '2022-05-30 10:53:17.538000', NULL, NULL),
(107, 'admin::roles.create', NULL, '{}', '[]', '2022-05-30 10:53:17.544000', '2022-05-30 10:53:17.544000', NULL, NULL),
(108, 'admin::roles.read', NULL, '{}', '[]', '2022-05-30 10:53:17.550000', '2022-05-30 10:53:17.550000', NULL, NULL),
(109, 'admin::roles.update', NULL, '{}', '[]', '2022-05-30 10:53:17.555000', '2022-05-30 10:53:17.555000', NULL, NULL),
(110, 'admin::roles.delete', NULL, '{}', '[]', '2022-05-30 10:53:17.561000', '2022-05-30 10:53:17.561000', NULL, NULL),
(111, 'admin::api-tokens.create', NULL, '{}', '[]', '2022-05-30 10:53:17.566000', '2022-05-30 10:53:17.566000', NULL, NULL),
(112, 'admin::api-tokens.read', NULL, '{}', '[]', '2022-05-30 10:53:17.572000', '2022-05-30 10:53:17.572000', NULL, NULL),
(113, 'admin::api-tokens.update', NULL, '{}', '[]', '2022-05-30 10:53:17.578000', '2022-05-30 10:53:17.578000', NULL, NULL),
(114, 'admin::api-tokens.delete', NULL, '{}', '[]', '2022-05-30 10:53:17.583000', '2022-05-30 10:53:17.583000', NULL, NULL),
(122, 'plugin::content-manager.explorer.create', 'api::lab.lab', '{\"fields\":[\"labName\",\"cases\"]}', '[]', '2022-05-30 11:08:02.040000', '2022-05-30 11:08:02.040000', NULL, NULL),
(124, 'plugin::content-manager.explorer.read', 'api::lab.lab', '{\"fields\":[\"labName\",\"cases\"]}', '[]', '2022-05-30 11:08:02.054000', '2022-05-30 11:08:02.054000', NULL, NULL),
(126, 'plugin::content-manager.explorer.update', 'api::lab.lab', '{\"fields\":[\"labName\",\"cases\"]}', '[]', '2022-05-30 11:08:02.069000', '2022-05-30 11:08:02.069000', NULL, NULL),
(139, 'plugin::content-manager.explorer.create', 'api::case.case', '{\"fields\":[\"patientName\",\"material\",\"type\",\"shade\",\"units\",\"finishDate\",\"lab\",\"doctor\"]}', '[]', '2022-06-12 01:23:16.793000', '2022-06-12 01:23:16.793000', NULL, NULL),
(140, 'plugin::content-manager.explorer.create', 'api::doctor.doctor', '{\"fields\":[\"doctorName\",\"phone\",\"location\",\"comeBy\",\"joinAt\",\"cases\"]}', '[]', '2022-06-12 01:23:16.802000', '2022-06-12 01:23:16.802000', NULL, NULL),
(141, 'plugin::content-manager.explorer.read', 'api::case.case', '{\"fields\":[\"patientName\",\"material\",\"type\",\"shade\",\"units\",\"finishDate\",\"lab\",\"doctor\"]}', '[]', '2022-06-12 01:23:16.808000', '2022-06-12 01:23:16.808000', NULL, NULL),
(142, 'plugin::content-manager.explorer.read', 'api::doctor.doctor', '{\"fields\":[\"doctorName\",\"phone\",\"location\",\"comeBy\",\"joinAt\",\"cases\"]}', '[]', '2022-06-12 01:23:16.816000', '2022-06-12 01:23:16.816000', NULL, NULL),
(143, 'plugin::content-manager.explorer.update', 'api::case.case', '{\"fields\":[\"patientName\",\"material\",\"type\",\"shade\",\"units\",\"finishDate\",\"lab\",\"doctor\"]}', '[]', '2022-06-12 01:23:16.823000', '2022-06-12 01:23:16.823000', NULL, NULL),
(144, 'plugin::content-manager.explorer.update', 'api::doctor.doctor', '{\"fields\":[\"doctorName\",\"phone\",\"location\",\"comeBy\",\"joinAt\",\"cases\"]}', '[]', '2022-06-12 01:23:16.829000', '2022-06-12 01:23:16.829000', NULL, NULL),
(145, 'plugin::content-manager.explorer.delete', 'api::doctor.doctor', '{}', '[]', '2022-06-12 01:23:16.837000', '2022-06-12 01:23:16.837000', NULL, NULL);

-- --------------------------------------------------------

--
-- Table structure for table `admin_permissions_role_links`
--

CREATE TABLE `admin_permissions_role_links` (
  `permission_id` int(10) UNSIGNED DEFAULT NULL,
  `role_id` int(10) UNSIGNED DEFAULT NULL
) ENGINE=InnoDB DEFAULT CHARSET=utf8mb4;

--
-- Dumping data for table `admin_permissions_role_links`
--

INSERT INTO `admin_permissions_role_links` (`permission_id`, `role_id`) VALUES
(1, 2),
(2, 2),
(4, 2),
(5, 2),
(6, 2),
(8, 2),
(9, 2),
(10, 2),
(12, 2),
(13, 2),
(14, 2),
(16, 2),
(17, 2),
(18, 2),
(20, 2),
(21, 2),
(22, 2),
(23, 2),
(24, 2),
(25, 2),
(26, 3),
(27, 3),
(29, 3),
(30, 3),
(31, 3),
(33, 3),
(34, 3),
(35, 3),
(37, 3),
(38, 3),
(39, 3),
(41, 3),
(42, 3),
(43, 3),
(44, 3),
(45, 3),
(46, 3),
(47, 1),
(49, 1),
(52, 1),
(54, 1),
(57, 1),
(59, 1),
(62, 1),
(63, 1),
(64, 1),
(66, 1),
(67, 1),
(68, 1),
(70, 1),
(71, 1),
(72, 1),
(73, 1),
(74, 1),
(75, 1),
(76, 1),
(77, 1),
(78, 1),
(79, 1),
(80, 1),
(81, 1),
(82, 1),
(83, 1),
(84, 1),
(85, 1),
(86, 1),
(87, 1),
(88, 1),
(89, 1),
(90, 1),
(91, 1),
(92, 1),
(93, 1),
(94, 1),
(95, 1),
(96, 1),
(97, 1),
(98, 1),
(99, 1),
(100, 1),
(101, 1),
(102, 1),
(103, 1),
(104, 1),
(105, 1),
(106, 1),
(107, 1),
(108, 1),
(109, 1),
(110, 1),
(111, 1),
(112, 1),
(113, 1),
(114, 1),
(122, 1),
(124, 1),
(126, 1),
(139, 1),
(140, 1),
(141, 1),
(142, 1),
(143, 1),
(144, 1),
(145, 1);

-- --------------------------------------------------------

--
-- Table structure for table `admin_roles`
--

CREATE TABLE `admin_roles` (
  `id` int(10) UNSIGNED NOT NULL,
  `name` varchar(255) DEFAULT NULL,
  `code` varchar(255) DEFAULT NULL,
  `description` varchar(255) DEFAULT NULL,
  `created_at` datetime(6) DEFAULT NULL,
  `updated_at` datetime(6) DEFAULT NULL,
  `created_by_id` int(10) UNSIGNED DEFAULT NULL,
  `updated_by_id` int(10) UNSIGNED DEFAULT NULL
) ENGINE=InnoDB DEFAULT CHARSET=utf8mb4;

--
-- Dumping data for table `admin_roles`
--

INSERT INTO `admin_roles` (`id`, `name`, `code`, `description`, `created_at`, `updated_at`, `created_by_id`, `updated_by_id`) VALUES
(1, 'Super Admin', 'strapi-super-admin', 'Super Admins can access and manage all features and settings.', '2022-05-30 10:53:16.780000', '2022-05-30 10:53:16.780000', NULL, NULL),
(2, 'Editor', 'strapi-editor', 'Editors can manage and publish contents including those of other users.', '2022-05-30 10:53:16.791000', '2022-05-30 10:53:16.791000', NULL, NULL),
(3, 'Author', 'strapi-author', 'Authors can manage the content they have created.', '2022-05-30 10:53:16.799000', '2022-05-30 10:53:16.799000', NULL, NULL);

-- --------------------------------------------------------

--
-- Table structure for table `admin_users`
--

CREATE TABLE `admin_users` (
  `id` int(10) UNSIGNED NOT NULL,
  `firstname` varchar(255) DEFAULT NULL,
  `lastname` varchar(255) DEFAULT NULL,
  `username` varchar(255) DEFAULT NULL,
  `email` varchar(255) DEFAULT NULL,
  `password` varchar(255) DEFAULT NULL,
  `reset_password_token` varchar(255) DEFAULT NULL,
  `registration_token` varchar(255) DEFAULT NULL,
  `is_active` tinyint(1) DEFAULT NULL,
  `blocked` tinyint(1) DEFAULT NULL,
  `prefered_language` varchar(255) DEFAULT NULL,
  `created_at` datetime(6) DEFAULT NULL,
  `updated_at` datetime(6) DEFAULT NULL,
  `created_by_id` int(10) UNSIGNED DEFAULT NULL,
  `updated_by_id` int(10) UNSIGNED DEFAULT NULL
) ENGINE=InnoDB DEFAULT CHARSET=utf8mb4;

--
-- Dumping data for table `admin_users`
--

INSERT INTO `admin_users` (`id`, `firstname`, `lastname`, `username`, `email`, `password`, `reset_password_token`, `registration_token`, `is_active`, `blocked`, `prefered_language`, `created_at`, `updated_at`, `created_by_id`, `updated_by_id`) VALUES
(1, 'Ayub', 'Abdullah', NULL, 'ayubgardy898@gmail.com', '$2a$10$grqEd8P.s1G53NSwAHFjoeoAO7gwVDSQ6D8BVtjGt5grptbwEID9W', NULL, NULL, 1, 0, NULL, '2022-05-30 10:58:28.779000', '2022-05-30 10:58:28.779000', NULL, NULL);

-- --------------------------------------------------------

--
-- Table structure for table `admin_users_roles_links`
--

CREATE TABLE `admin_users_roles_links` (
  `user_id` int(10) UNSIGNED DEFAULT NULL,
  `role_id` int(10) UNSIGNED DEFAULT NULL
) ENGINE=InnoDB DEFAULT CHARSET=utf8mb4;

--
-- Dumping data for table `admin_users_roles_links`
--

INSERT INTO `admin_users_roles_links` (`user_id`, `role_id`) VALUES
(1, 1);

-- --------------------------------------------------------

--
-- Table structure for table `cases`
--

CREATE TABLE `cases` (
  `id` int(10) UNSIGNED NOT NULL,
  `patient_name` varchar(255) DEFAULT NULL,
  `material` varchar(255) DEFAULT NULL,
  `type` varchar(255) DEFAULT NULL,
  `shade` varchar(255) DEFAULT NULL,
  `units` longtext CHARACTER SET utf8mb4 COLLATE utf8mb4_bin DEFAULT NULL CHECK (json_valid(`units`)),
  `finish_date` date DEFAULT NULL,
  `created_at` datetime(6) DEFAULT NULL,
  `updated_at` datetime(6) DEFAULT NULL,
  `published_at` datetime(6) DEFAULT NULL,
  `created_by_id` int(10) UNSIGNED DEFAULT NULL,
  `updated_by_id` int(10) UNSIGNED DEFAULT NULL
) ENGINE=InnoDB DEFAULT CHARSET=utf8mb4;

--
-- Dumping data for table `cases`
--

INSERT INTO `cases` (`id`, `patient_name`, `material`, `type`, `shade`, `units`, `finish_date`, `created_at`, `updated_at`, `published_at`, `created_by_id`, `updated_by_id`) VALUES
(1, 'Ayub', 'Emax', 'Separated', '0M3', '{\"Upper Right\":\"1,2,3,4,5\"}', NULL, '2022-05-30 11:09:23.114000', '2022-05-30 11:09:31.080000', '2022-05-30 11:09:31.076000', 1, 1),
(3, 'Ayub', 'M-Ceramic', 'Connected', 'A3', '{\"Lower Right\":\"1,2,3\"}', NULL, '2022-05-30 11:33:07.661000', '2022-05-30 11:47:37.267000', '2022-05-30 11:33:07.659000', NULL, NULL),
(4, 'Ayub', 'M-Ceramic', 'Connected', 'A3', '{\"Lower Right\":\"1,2,3\"}', NULL, '2022-05-30 11:33:52.434000', '2022-05-30 11:33:52.434000', '2022-05-30 11:33:52.432000', NULL, NULL);

-- --------------------------------------------------------

--
-- Table structure for table `cases_doctor_links`
--

CREATE TABLE `cases_doctor_links` (
  `case_id` int(10) UNSIGNED DEFAULT NULL,
  `doctor_id` int(10) UNSIGNED DEFAULT NULL
) ENGINE=InnoDB DEFAULT CHARSET=utf8mb4;

-- --------------------------------------------------------

--
-- Table structure for table `cases_lab_links`
--

CREATE TABLE `cases_lab_links` (
  `case_id` int(10) UNSIGNED DEFAULT NULL,
  `lab_id` int(10) UNSIGNED DEFAULT NULL
) ENGINE=InnoDB DEFAULT CHARSET=utf8mb4;

--
-- Dumping data for table `cases_lab_links`
--

INSERT INTO `cases_lab_links` (`case_id`, `lab_id`) VALUES
(1, 1),
(4, 1),
(3, 1);

-- --------------------------------------------------------

--
-- Table structure for table `costs`
--

CREATE TABLE `costs` (
  `id` int(10) UNSIGNED NOT NULL,
  `item` varchar(255) DEFAULT NULL,
  `price` int(11) DEFAULT NULL,
  `payed` tinyint(1) DEFAULT NULL,
  `loan` tinyint(1) DEFAULT NULL,
  `created_at` datetime(6) DEFAULT NULL,
  `updated_at` datetime(6) DEFAULT NULL,
  `published_at` datetime(6) DEFAULT NULL,
  `created_by_id` int(10) UNSIGNED DEFAULT NULL,
  `updated_by_id` int(10) UNSIGNED DEFAULT NULL
) ENGINE=InnoDB DEFAULT CHARSET=utf8mb4;

-- --------------------------------------------------------

--
-- Table structure for table `doctors`
--

CREATE TABLE `doctors` (
  `id` int(10) UNSIGNED NOT NULL,
  `doctor_name` varchar(255) DEFAULT NULL,
  `phone` varchar(255) DEFAULT NULL,
  `location` varchar(255) DEFAULT NULL,
  `come_by` varchar(255) DEFAULT NULL,
  `join_at` date DEFAULT NULL,
  `created_at` datetime(6) DEFAULT NULL,
  `updated_at` datetime(6) DEFAULT NULL,
  `created_by_id` int(10) UNSIGNED DEFAULT NULL,
  `updated_by_id` int(10) UNSIGNED DEFAULT NULL
) ENGINE=InnoDB DEFAULT CHARSET=utf8mb4;

--
-- Dumping data for table `doctors`
--

INSERT INTO `doctors` (`id`, `doctor_name`, `phone`, `location`, `come_by`, `join_at`, `created_at`, `updated_at`, `created_by_id`, `updated_by_id`) VALUES
(1, 'Corey Bonafacino', '782-411-2153', '83 Graedel Plaza', 'cbonafacino0', '2022-05-16', '2021-09-12 00:00:00.000000', NULL, NULL, NULL),
(2, 'Blinnie Schoenfisch', '624-387-2344', '70442 Quincy Road', 'bschoenfisch1', '2022-03-18', '2022-02-17 00:00:00.000000', NULL, NULL, NULL),
(3, 'Clayson Shavel', '346-309-0204', '352 Cardinal Point', 'cshavel2', '2022-06-05', '2021-10-26 00:00:00.000000', NULL, NULL, NULL),
(4, 'Madalyn MacLaughlin', '226-277-6371', '6 David Place', 'mmaclaughlin3', '2021-07-23', '2021-09-18 00:00:00.000000', NULL, NULL, NULL),
(5, 'Wolfy Kamien', '252-661-0800', '9 1st Alley', 'wkamien4', '2022-06-03', '2022-02-16 00:00:00.000000', NULL, NULL, NULL),
(6, 'Holly-anne Bartosiak', '459-298-6531', '79234 Continental Lane', 'hbartosiak5', '2022-02-11', '2022-02-06 00:00:00.000000', NULL, NULL, NULL),
(7, 'Hersh Philippson', '283-790-2818', '7554 Banding Hill', 'hphilippson6', '2021-11-05', '2022-03-11 00:00:00.000000', NULL, NULL, NULL),
(8, 'Denyse Valiant', '967-939-5072', '31 Lien Point', 'dvaliant7', '2022-04-05', '2022-04-19 00:00:00.000000', NULL, NULL, NULL),
(9, 'Jenn Riediger', '236-285-0254', '942 West Drive', 'jriediger8', '2022-04-04', '2022-02-24 00:00:00.000000', NULL, NULL, NULL),
(10, 'Gale Goggan', '740-327-9823', '4 Mccormick Alley', 'ggoggan9', '2021-08-06', '2022-01-19 00:00:00.000000', NULL, NULL, NULL),
(11, 'Terrel Lammerich', '665-387-8419', '255 Michigan Way', 'tlammericha', '2021-12-30', '2021-11-19 00:00:00.000000', NULL, NULL, NULL),
(12, 'Farrel Cunah', '777-801-8323', '1928 Corscot Court', 'fcunahb', '2021-07-01', '2022-05-21 00:00:00.000000', NULL, NULL, NULL),
(13, 'Ferdinande Hoyle', '219-188-7908', '66094 Blaine Center', 'fhoylec', '2022-01-02', '2022-04-04 00:00:00.000000', NULL, NULL, NULL),
(14, 'Sarajane Tranter', '610-799-3086', '6845 Dapin Park', 'stranterd', '2022-02-13', '2022-02-27 00:00:00.000000', NULL, NULL, NULL),
(15, 'Ellwood Macrae', '285-159-0818', '21 Oakridge Lane', 'emacraee', '2022-05-15', '2021-09-11 00:00:00.000000', NULL, NULL, NULL),
(16, 'Noble Danshin', '105-888-7101', '6 Meadow Vale Hill', 'ndanshinf', '2021-07-10', '2022-01-31 00:00:00.000000', NULL, NULL, NULL),
(17, 'Betti Piwell', '513-248-6628', '350 La Follette Alley', 'bpiwellg', '2022-04-13', '2022-05-28 00:00:00.000000', NULL, NULL, NULL),
(18, 'Jeana McGorley', '171-475-1223', '4539 John Wall Drive', 'jmcgorleyh', '2022-05-21', '2021-09-11 00:00:00.000000', NULL, NULL, NULL),
(19, 'Zara Philcox', '405-353-3870', '4172 Declaration Parkway', 'zphilcoxi', '2021-09-25', '2021-09-26 00:00:00.000000', NULL, NULL, NULL),
(20, 'Sinclare Coatman', '831-614-2477', '9 Monterey Court', 'scoatmanj', '2021-07-12', '2021-11-03 00:00:00.000000', NULL, NULL, NULL),
(21, 'Wallie Pegg', '833-651-0329', '7198 Novick Circle', 'wpeggk', '2022-01-01', '2021-08-28 00:00:00.000000', NULL, NULL, NULL),
(22, 'Fernanda Jablonski', '979-892-1082', '67 Rowland Hill', 'fjablonskil', '2022-05-05', '2021-06-16 00:00:00.000000', NULL, NULL, NULL),
(23, 'Duncan Carwithan', '389-275-8017', '554 Cherokee Center', 'dcarwithanm', '2022-03-09', '2022-03-26 00:00:00.000000', NULL, NULL, NULL),
(24, 'Adriana Levington', '334-709-1288', '4 Old Shore Junction', 'alevingtonn', '2022-05-28', '2022-02-25 00:00:00.000000', NULL, NULL, NULL),
(25, 'Kristian McGebenay', '491-786-0411', '5307 Summer Ridge Trail', 'kmcgebenayo', '2022-03-08', '2021-11-16 00:00:00.000000', NULL, NULL, NULL),
(26, 'Janaye Witcombe', '410-923-8796', '0 Maywood Alley', 'jwitcombep', '2022-04-18', '2021-07-11 00:00:00.000000', NULL, NULL, NULL),
(27, 'Ashly Abdee', '598-405-7580', '4 Lindbergh Point', 'aabdeeq', '2021-10-06', '2021-09-13 00:00:00.000000', NULL, NULL, NULL),
(28, 'Hugo Bubbins', '232-960-5881', '422 Myrtle Park', 'hbubbinsr', '2022-04-10', '2021-10-08 00:00:00.000000', NULL, NULL, NULL),
(29, 'Brandea Reavell', '473-743-1670', '7 Cherokee Parkway', 'breavells', '2021-12-07', '2021-09-11 00:00:00.000000', NULL, NULL, NULL),
(30, 'Fredericka Arlidge', '800-221-6641', '10274 Veith Alley', 'farlidget', '2021-06-13', '2021-11-07 00:00:00.000000', NULL, NULL, NULL),
(31, 'Tomkin Birkin', '134-160-1980', '9995 Blue Bill Park Plaza', 'tbirkinu', '2021-09-05', '2022-03-13 00:00:00.000000', NULL, NULL, NULL),
(32, 'Sophi Basler', '552-606-8191', '2 Eagan Parkway', 'sbaslerv', '2021-06-30', '2022-01-23 00:00:00.000000', NULL, NULL, NULL),
(33, 'Andromache Aimer', '973-776-0717', '17 Hudson Parkway', 'aaimerw', '2021-11-30', '2021-11-15 00:00:00.000000', NULL, NULL, NULL),
(34, 'Rosalinde Deelay', '117-761-7094', '84747 Sage Avenue', 'rdeelayx', '2021-10-14', '2022-02-13 00:00:00.000000', NULL, NULL, NULL),
(35, 'Ame Golde', '875-401-8505', '26870 Village Center', 'agoldey', '2022-03-05', '2021-08-29 00:00:00.000000', NULL, NULL, NULL),
(36, 'Nicholle De\'Vere - Hunt', '674-131-7612', '8 Walton Center', 'ndeverez', '2022-03-01', '2022-04-06 00:00:00.000000', NULL, NULL, NULL),
(37, 'Egbert Drinkall', '714-389-9427', '25725 Carpenter Terrace', 'edrinkall10', '2021-08-31', '2022-02-23 00:00:00.000000', NULL, NULL, NULL),
(38, 'Angus Astley', '192-750-1874', '077 Hollow Ridge Park', 'aastley11', '2021-10-31', '2022-03-07 00:00:00.000000', NULL, NULL, NULL),
(39, 'Marianna Thresh', '161-541-5668', '54 Glendale Drive', 'mthresh12', '2021-12-30', '2021-11-11 00:00:00.000000', NULL, NULL, NULL),
(40, 'Elmore Borges', '622-588-7309', '941 Ridgeview Way', 'eborges13', '2021-09-22', '2021-07-10 00:00:00.000000', NULL, NULL, NULL),
(41, 'Lee Freschi', '585-746-5521', '4 Mccormick Trail', 'lfreschi14', '2022-03-09', '2022-06-02 00:00:00.000000', NULL, NULL, NULL),
(42, 'Peterus Maasz', '118-930-3012', '71 Farwell Pass', 'pmaasz15', '2021-11-01', '2021-06-28 00:00:00.000000', NULL, NULL, NULL),
(43, 'Dane Roast', '452-370-3223', '22300 Schiller Trail', 'droast16', '2021-09-17', '2021-12-27 00:00:00.000000', NULL, NULL, NULL),
(44, 'Ortensia De Dantesie', '298-480-3129', '3826 Oakridge Plaza', 'ode17', '2021-12-27', '2022-02-01 00:00:00.000000', NULL, NULL, NULL),
(45, 'Ulises Pancast', '895-883-4619', '71288 Butternut Road', 'upancast18', '2021-12-01', '2021-12-04 00:00:00.000000', NULL, NULL, NULL),
(46, 'Aubree Cottam', '739-431-9657', '6008 Wayridge Drive', 'acottam19', '2022-03-15', '2022-02-18 00:00:00.000000', NULL, NULL, NULL),
(47, 'Suzette Tumility', '572-378-0798', '5106 Birchwood Circle', 'stumility1a', '2021-12-24', '2021-11-23 00:00:00.000000', NULL, NULL, NULL),
(48, 'Nanon Alloway', '370-501-8679', '1778 Pearson Pass', 'nalloway1b', '2022-06-10', '2022-02-13 00:00:00.000000', NULL, NULL, NULL),
(49, 'Wake Delooze', '799-348-2731', '434 Oak Valley Center', 'wdelooze1c', '2022-04-22', '2021-10-15 00:00:00.000000', NULL, NULL, NULL),
(50, 'Yurik Cescotti', '990-124-7232', '93 Glendale Parkway', 'ycescotti1d', '2022-01-31', '2021-07-14 00:00:00.000000', NULL, NULL, NULL),
(51, 'Evangelina Nash', '344-306-9197', '6 Mesta Parkway', 'enash1e', '2021-07-11', '2022-02-19 00:00:00.000000', NULL, NULL, NULL),
(52, 'Melisa Biagioni', '650-773-2184', '6560 Elmside Avenue', 'mbiagioni1f', '2021-07-23', '2021-06-27 00:00:00.000000', NULL, NULL, NULL),
(53, 'Joyce Swains', '811-972-0944', '98854 Barnett Drive', 'jswains1g', '2021-06-22', '2021-10-31 00:00:00.000000', NULL, NULL, NULL),
(54, 'Glenn Boggs', '129-626-8163', '61648 Paget Place', 'gboggs1h', '2022-03-19', '2021-06-25 00:00:00.000000', NULL, NULL, NULL),
(55, 'Uriel Lippitt', '636-616-2186', '561 Park Meadow Parkway', 'ulippitt1i', '2021-11-19', '2022-01-25 00:00:00.000000', NULL, NULL, NULL),
(56, 'Erastus Gretton', '686-315-3532', '338 Karstens Hill', 'egretton1j', '2022-03-24', '2022-03-09 00:00:00.000000', NULL, NULL, NULL),
(57, 'Pavel Lafflina', '968-493-7061', '22389 Jackson Center', 'plafflina1k', '2021-07-28', '2021-10-22 00:00:00.000000', NULL, NULL, NULL),
(58, 'Bette-ann Hallihan', '259-163-0712', '89 Cottonwood Alley', 'bhallihan1l', '2021-11-05', '2021-08-29 00:00:00.000000', NULL, NULL, NULL),
(59, 'Dino Scates', '167-781-9522', '40541 Bellgrove Place', 'dscates1m', '2022-02-21', '2022-05-18 00:00:00.000000', NULL, NULL, NULL),
(60, 'Misti Sammons', '443-679-5484', '512 Anzinger Street', 'msammons1n', '2022-05-01', '2021-10-23 00:00:00.000000', NULL, NULL, NULL),
(61, 'Abie Mallender', '281-855-2990', '923 Nobel Road', 'amallender1o', '2021-06-14', '2021-07-16 00:00:00.000000', NULL, NULL, NULL),
(62, 'Nichol Nares', '875-201-3858', '720 3rd Place', 'nnares1p', '2021-12-09', '2021-08-07 00:00:00.000000', NULL, NULL, NULL),
(63, 'Dodi Lissandre', '946-929-3704', '06 Kedzie Street', 'dlissandre1q', '2022-05-17', '2021-12-28 00:00:00.000000', NULL, NULL, NULL),
(64, 'Ynez Kydde', '228-880-3566', '771 Anzinger Way', 'ykydde1r', '2021-07-14', '2022-02-15 00:00:00.000000', NULL, NULL, NULL),
(65, 'Salomi Rivers', '157-739-6960', '770 Parkside Alley', 'srivers1s', '2021-07-25', '2021-12-08 00:00:00.000000', NULL, NULL, NULL),
(66, 'Horten McClounan', '948-768-1794', '14549 Dennis Junction', 'hmcclounan1t', '2022-04-12', '2021-09-07 00:00:00.000000', NULL, NULL, NULL),
(67, 'Noni Van Der Walt', '798-145-8262', '7 Bobwhite Road', 'nvan1u', '2022-05-04', '2022-03-06 00:00:00.000000', NULL, NULL, NULL),
(68, 'Reba Rivett', '617-665-3946', '815 Tennyson Avenue', 'rrivett1v', '2022-01-28', '2021-12-20 00:00:00.000000', NULL, NULL, NULL),
(69, 'Deeyn McGarrie', '314-350-4649', '5 Oak Road', 'dmcgarrie1w', '2022-03-28', '2021-11-20 00:00:00.000000', NULL, NULL, NULL),
(70, 'Daren Sprull', '627-278-1857', '04 International Trail', 'dsprull1x', '2021-08-04', '2021-07-05 00:00:00.000000', NULL, NULL, NULL),
(71, 'Valery McFetridge', '519-496-4253', '961 Center Alley', 'vmcfetridge1y', '2021-08-26', '2021-06-21 00:00:00.000000', NULL, NULL, NULL),
(72, 'Sauncho Bergeau', '243-556-5521', '9979 Hanover Road', 'sbergeau1z', '2022-03-13', '2022-01-24 00:00:00.000000', NULL, NULL, NULL),
(73, 'Cristie Karran', '697-828-9462', '96 Mccormick Lane', 'ckarran20', '2022-04-03', '2021-10-08 00:00:00.000000', NULL, NULL, NULL),
(74, 'Dita Gettings', '573-593-5522', '849 Sunnyside Way', 'dgettings21', '2021-06-19', '2021-12-21 00:00:00.000000', NULL, NULL, NULL),
(75, 'Rosa Hawkes', '534-848-9948', '819 Waubesa Crossing', 'rhawkes22', '2021-10-06', '2022-04-04 00:00:00.000000', NULL, NULL, NULL),
(76, 'Kermit Cornelleau', '982-241-3311', '0111 Raven Court', 'kcornelleau23', '2022-01-15', '2021-11-26 00:00:00.000000', NULL, NULL, NULL),
(77, 'Garwood McKinnon', '211-400-1251', '678 Jenifer Road', 'gmckinnon24', '2021-08-14', '2022-04-07 00:00:00.000000', NULL, NULL, NULL),
(78, 'Atlanta Grimsdyke', '409-834-5857', '5 Mayfield Plaza', 'agrimsdyke25', '2021-08-17', '2022-01-30 00:00:00.000000', NULL, NULL, NULL),
(79, 'Natka Fiske', '857-213-5740', '7643 Grasskamp Way', 'nfiske26', '2022-05-22', '2022-03-22 00:00:00.000000', NULL, NULL, NULL),
(80, 'Rayner Loutheane', '148-548-6986', '56922 Eggendart Trail', 'rloutheane27', '2021-06-27', '2022-03-23 00:00:00.000000', NULL, NULL, NULL),
(81, 'Jonas Plume', '411-528-9928', '8 Laurel Avenue', 'jplume28', '2022-02-01', '2021-09-27 00:00:00.000000', NULL, NULL, NULL),
(82, 'Margarita Maruska', '887-414-6706', '1279 Stephen Alley', 'mmaruska29', '2021-07-11', '2021-07-07 00:00:00.000000', NULL, NULL, NULL),
(83, 'Ingram Annes', '103-410-4090', '66057 Stone Corner Center', 'iannes2a', '2021-08-13', '2022-01-04 00:00:00.000000', NULL, NULL, NULL),
(84, 'Avrit Zeal', '324-548-9043', '4 Almo Trail', 'azeal2b', '2022-01-17', '2022-02-28 00:00:00.000000', NULL, NULL, NULL),
(85, 'Igor Barnaclough', '653-241-1681', '47 Westport Crossing', 'ibarnaclough2c', '2022-01-03', '2021-06-27 00:00:00.000000', NULL, NULL, NULL),
(86, 'Lorna Barcke', '995-773-2447', '6631 Laurel Place', 'lbarcke2d', '2021-09-25', '2022-02-06 00:00:00.000000', NULL, NULL, NULL),
(87, 'Ofelia Burcombe', '970-458-3332', '0 Mayfield Drive', 'oburcombe2e', '2021-08-19', '2022-02-02 00:00:00.000000', NULL, NULL, NULL),
(88, 'Emmery Kell', '120-469-9643', '94935 Hollow Ridge Alley', 'ekell2f', '2021-09-11', '2022-03-09 00:00:00.000000', NULL, NULL, NULL),
(89, 'Dionne Hafner', '150-522-0053', '71 Moland Hill', 'dhafner2g', '2022-03-16', '2021-11-19 00:00:00.000000', NULL, NULL, NULL),
(90, 'Agathe Siehard', '127-737-3185', '576 Gulseth Trail', 'asiehard2h', '2022-03-06', '2021-10-17 00:00:00.000000', NULL, NULL, NULL),
(91, 'Christoper Files', '698-524-6326', '53 Randy Terrace', 'cfiles2i', '2021-06-22', '2022-01-21 00:00:00.000000', NULL, NULL, NULL),
(92, 'Salvador Ramsby', '992-698-7191', '02 Quincy Park', 'sramsby2j', '2022-05-23', '2022-06-11 00:00:00.000000', NULL, NULL, NULL),
(93, 'Jeri Malzard', '155-191-8577', '3 Fulton Drive', 'jmalzard2k', '2022-01-09', '2022-03-24 00:00:00.000000', NULL, NULL, NULL),
(94, 'Nikolaos Prentice', '805-326-1306', '82 Texas Center', 'nprentice2l', '2022-02-05', '2021-11-14 00:00:00.000000', NULL, NULL, NULL),
(95, 'Ruthie Gillon', '833-367-1204', '938 Blackbird Alley', 'rgillon2m', '2022-05-06', '2021-12-15 00:00:00.000000', NULL, NULL, NULL),
(96, 'Klarika Werlock', '518-816-1338', '7099 Mcguire Place', 'kwerlock2n', '2021-11-12', '2021-08-11 00:00:00.000000', NULL, NULL, NULL),
(97, 'Wat Heaphy', '909-934-8591', '8 Dorton Lane', 'wheaphy2o', '2022-05-24', '2021-06-27 00:00:00.000000', NULL, NULL, NULL),
(98, 'Claudelle MacGillavery', '952-452-9358', '0369 Fallview Way', 'cmacgillavery2p', '2022-01-03', '2021-07-30 00:00:00.000000', NULL, NULL, NULL),
(99, 'Willi Immins', '151-503-0481', '64 Everett Junction', 'wimmins2q', '2021-07-16', '2021-12-06 00:00:00.000000', NULL, NULL, NULL),
(100, 'Emelia L\' Anglois', '940-253-8852', '923 Monica Street', 'el2r', '2022-02-27', '2021-07-23 00:00:00.000000', NULL, NULL, NULL),
(101, 'Hobey Eymor', '863-915-1869', '9 Katie Alley', 'heymor2s', '2022-02-25', '2021-11-12 00:00:00.000000', NULL, NULL, NULL),
(102, 'Egon Munnings', '153-760-7608', '7536 Westridge Street', 'emunnings2t', '2021-10-02', '2022-05-26 00:00:00.000000', NULL, NULL, NULL),
(103, 'Codee Evennett', '781-699-8623', '6 Briar Crest Court', 'cevennett2u', '2021-12-26', '2022-01-18 00:00:00.000000', NULL, NULL, NULL),
(104, 'Caresse Errigo', '300-470-4084', '591 Valley Edge Court', 'cerrigo2v', '2022-05-13', '2021-09-02 00:00:00.000000', NULL, NULL, NULL),
(105, 'Starlene Kleinsmuntz', '535-843-6180', '04950 Waywood Alley', 'skleinsmuntz2w', '2022-02-10', '2021-08-12 00:00:00.000000', NULL, NULL, NULL),
(106, 'Pen Todari', '432-764-0333', '9 Oxford Circle', 'ptodari2x', '2021-11-03', '2022-05-18 00:00:00.000000', NULL, NULL, NULL),
(107, 'Heywood Hyder', '844-593-6568', '5643 Holy Cross Park', 'hhyder2y', '2021-11-18', '2022-01-23 00:00:00.000000', NULL, NULL, NULL),
(108, 'Woody Andrivot', '734-300-4786', '302 Laurel Terrace', 'wandrivot2z', '2021-12-16', '2022-03-30 00:00:00.000000', NULL, NULL, NULL),
(109, 'Adora Gleed', '569-392-1590', '3193 Golf Course Parkway', 'agleed30', '2021-09-04', '2022-03-10 00:00:00.000000', NULL, NULL, NULL),
(110, 'Nerita Huchot', '306-917-3812', '207 Maple Wood Place', 'nhuchot31', '2021-12-14', '2021-09-17 00:00:00.000000', NULL, NULL, NULL),
(111, 'Joya Feenan', '896-505-3963', '50 Union Street', 'jfeenan32', '2022-04-14', '2021-11-03 00:00:00.000000', NULL, NULL, NULL),
(112, 'Langsdon Meredith', '810-770-6091', '98036 Everett Park', 'lmeredith33', '2022-03-12', '2021-11-06 00:00:00.000000', NULL, NULL, NULL),
(113, 'Madelle Matschoss', '396-690-6785', '02274 Elmside Circle', 'mmatschoss34', '2021-08-18', '2021-10-12 00:00:00.000000', NULL, NULL, NULL),
(114, 'Bren Duckels', '144-943-4550', '554 Maple Street', 'bduckels35', '2021-12-09', '2021-07-13 00:00:00.000000', NULL, NULL, NULL),
(115, 'Joyann Kydd', '201-285-4307', '41476 Dunning Hill', 'jkydd36', '2021-08-23', '2021-06-22 00:00:00.000000', NULL, NULL, NULL),
(116, 'Xaviera Partlett', '304-499-7856', '02871 Green Plaza', 'xpartlett37', '2021-08-10', '2022-06-08 00:00:00.000000', NULL, NULL, NULL),
(117, 'Jaye Crisp', '982-139-1442', '0372 Summerview Hill', 'jcrisp38', '2021-11-14', '2021-12-16 00:00:00.000000', NULL, NULL, NULL),
(118, 'Aila McCritichie', '328-276-6809', '08 Birchwood Place', 'amccritichie39', '2022-05-06', '2021-11-18 00:00:00.000000', NULL, NULL, NULL),
(119, 'Hamlin Marioneau', '615-873-3310', '7546 Katie Street', 'hmarioneau3a', '2021-11-02', '2021-07-01 00:00:00.000000', NULL, NULL, NULL),
(120, 'Binnie Cardall', '455-438-9464', '252 Bultman Hill', 'bcardall3b', '2022-01-20', '2021-07-03 00:00:00.000000', NULL, NULL, NULL),
(121, 'Samuel Slator', '216-553-2977', '54 Warner Road', 'sslator3c', '2021-12-29', '2021-06-15 00:00:00.000000', NULL, NULL, NULL),
(122, 'Maggi Bonner', '339-912-1413', '51951 Anderson Center', 'mbonner3d', '2022-03-21', '2021-12-26 00:00:00.000000', NULL, NULL, NULL),
(123, 'Lutero Acedo', '232-205-5139', '447 Sage Avenue', 'lacedo3e', '2022-03-21', '2021-08-31 00:00:00.000000', NULL, NULL, NULL),
(124, 'Amalle Baumann', '537-209-3051', '9377 Westerfield Center', 'abaumann3f', '2021-08-13', '2022-02-13 00:00:00.000000', NULL, NULL, NULL),
(125, 'Lynde Antonoczyk', '793-414-6046', '5448 Oxford Court', 'lantonoczyk3g', '2021-07-15', '2021-10-21 00:00:00.000000', NULL, NULL, NULL),
(126, 'Emera Nisius', '405-861-4415', '911 Kings Center', 'enisius3h', '2022-05-05', '2021-07-17 00:00:00.000000', NULL, NULL, NULL),
(127, 'Desdemona Whaplington', '769-279-1723', '84743 Eastwood Road', 'dwhaplington3i', '2022-01-09', '2021-11-22 00:00:00.000000', NULL, NULL, NULL),
(128, 'Marti Madine', '814-298-3887', '0938 Pine View Lane', 'mmadine3j', '2022-04-11', '2021-12-24 00:00:00.000000', NULL, NULL, NULL),
(129, 'Torrin Sivior', '437-756-2932', '43 Moland Terrace', 'tsivior3k', '2021-06-12', '2022-01-25 00:00:00.000000', NULL, NULL, NULL),
(130, 'Adara Kermath', '172-376-4616', '8447 Eastlawn Circle', 'akermath3l', '2021-11-07', '2022-05-22 00:00:00.000000', NULL, NULL, NULL),
(131, 'Antonella Reidshaw', '107-935-3034', '5 Macpherson Street', 'areidshaw3m', '2021-08-15', '2022-05-03 00:00:00.000000', NULL, NULL, NULL),
(132, 'Deanne Tilby', '837-800-6746', '23713 Dorton Place', 'dtilby3n', '2022-02-09', '2022-03-02 00:00:00.000000', NULL, NULL, NULL),
(133, 'Gwenni Milley', '199-895-6365', '27 Maple Court', 'gmilley3o', '2022-03-29', '2021-10-27 00:00:00.000000', NULL, NULL, NULL),
(134, 'Scarlet Marjoram', '281-816-3594', '736 Talisman Hill', 'smarjoram3p', '2021-06-30', '2022-01-17 00:00:00.000000', NULL, NULL, NULL),
(135, 'Hesther Skottle', '576-814-7688', '8 Hagan Circle', 'hskottle3q', '2021-11-21', '2021-12-09 00:00:00.000000', NULL, NULL, NULL),
(136, 'Dori Gell', '803-725-5082', '04 Dakota Plaza', 'dgell3r', '2021-06-21', '2022-04-08 00:00:00.000000', NULL, NULL, NULL),
(137, 'Filide Kempster', '180-835-6399', '6973 Kipling Park', 'fkempster3s', '2021-08-10', '2021-10-01 00:00:00.000000', NULL, NULL, NULL),
(138, 'Pren Loveday', '530-894-1350', '18 Stuart Lane', 'ploveday3t', '2022-04-06', '2022-01-07 00:00:00.000000', NULL, NULL, NULL),
(139, 'Dolorita Hardin', '643-576-9862', '81 East Point', 'dhardin3u', '2021-10-03', '2022-05-30 00:00:00.000000', NULL, NULL, NULL),
(140, 'Nathalia Drewry', '210-569-6625', '82970 Reindahl Pass', 'ndrewry3v', '2022-02-12', '2022-03-04 00:00:00.000000', NULL, NULL, NULL),
(141, 'Noella Pickering', '193-978-2327', '5 Cambridge Pass', 'npickering3w', '2022-01-16', '2022-01-25 00:00:00.000000', NULL, NULL, NULL),
(142, 'Pam Lacer', '566-800-1357', '2 Meadow Ridge Center', 'placer3x', '2021-08-14', '2021-11-04 00:00:00.000000', NULL, NULL, NULL),
(143, 'Doll Roebottom', '349-439-9894', '34 Northridge Terrace', 'droebottom3y', '2021-07-01', '2021-12-02 00:00:00.000000', NULL, NULL, NULL),
(144, 'Lilia Osbaldeston', '646-901-9639', '706 Orin Park', 'losbaldeston3z', '2022-04-03', '2021-10-16 00:00:00.000000', NULL, NULL, NULL),
(145, 'Witty Casoni', '781-423-4033', '63400 Macpherson Point', 'wcasoni40', '2022-05-06', '2022-02-07 00:00:00.000000', NULL, NULL, NULL),
(146, 'Carey Corselles', '433-131-9341', '10 Carpenter Road', 'ccorselles41', '2022-06-09', '2021-09-14 00:00:00.000000', NULL, NULL, NULL),
(147, 'Alonso Rainon', '127-866-8382', '2936 Larry Trail', 'arainon42', '2021-07-28', '2021-10-13 00:00:00.000000', NULL, NULL, NULL),
(148, 'Dannye Heams', '886-206-3096', '78166 Mockingbird Way', 'dheams43', '2021-12-12', '2021-06-12 00:00:00.000000', NULL, NULL, NULL),
(149, 'Gertrudis Marquand', '971-452-2233', '7 Goodland Park', 'gmarquand44', '2021-09-05', '2021-06-27 00:00:00.000000', NULL, NULL, NULL),
(150, 'Northrop Ciccetti', '860-623-8928', '6 Rowland Street', 'nciccetti45', '2021-08-27', '2022-04-23 00:00:00.000000', NULL, NULL, NULL),
(151, 'Celestia Wettern', '457-435-3393', '1 Shelley Alley', 'cwettern46', '2022-05-16', '2021-07-26 00:00:00.000000', NULL, NULL, NULL),
(152, 'Aliza Caughtry', '330-445-0865', '49401 Continental Place', 'acaughtry47', '2022-02-16', '2022-03-15 00:00:00.000000', NULL, NULL, NULL),
(153, 'Stavros Drane', '182-264-3467', '31445 Dovetail Court', 'sdrane48', '2021-07-23', '2022-05-27 00:00:00.000000', NULL, NULL, NULL),
(154, 'Conchita Dominici', '170-921-1974', '814 7th Parkway', 'cdominici49', '2021-06-28', '2021-08-30 00:00:00.000000', NULL, NULL, NULL),
(155, 'Jermaine Nevet', '473-829-8395', '6 Waubesa Trail', 'jnevet4a', '2021-06-18', '2022-01-02 00:00:00.000000', NULL, NULL, NULL),
(156, 'Antonella Mullarkey', '500-870-1416', '25 Hintze Alley', 'amullarkey4b', '2022-05-21', '2022-02-04 00:00:00.000000', NULL, NULL, NULL),
(157, 'Magdalene Rolfs', '179-200-4647', '7780 Banding Junction', 'mrolfs4c', '2021-11-03', '2021-09-03 00:00:00.000000', NULL, NULL, NULL),
(158, 'Gwenore Pountain', '489-863-6625', '35684 Mcbride Crossing', 'gpountain4d', '2021-09-12', '2022-05-04 00:00:00.000000', NULL, NULL, NULL),
(159, 'Elisha Tradewell', '586-181-8696', '631 Everett Court', 'etradewell4e', '2021-08-26', '2022-02-23 00:00:00.000000', NULL, NULL, NULL),
(160, 'Sindee Keddle', '655-981-3621', '8 Fisk Pass', 'skeddle4f', '2021-08-03', '2021-11-19 00:00:00.000000', NULL, NULL, NULL),
(161, 'Henriette Blint', '484-272-6761', '87 Almo Court', 'hblint4g', '2022-05-14', '2021-11-16 00:00:00.000000', NULL, NULL, NULL),
(162, 'Lynn Potticary', '849-876-8514', '52325 Sachtjen Way', 'lpotticary4h', '2022-03-01', '2021-09-25 00:00:00.000000', NULL, NULL, NULL),
(163, 'Franny Muckart', '282-328-7449', '28 Alpine Parkway', 'fmuckart4i', '2021-06-27', '2021-12-31 00:00:00.000000', NULL, NULL, NULL),
(164, 'Bonita Attew', '742-609-5118', '54367 Melby Road', 'battew4j', '2021-09-07', '2021-08-31 00:00:00.000000', NULL, NULL, NULL),
(165, 'Pepi McGillicuddy', '672-921-3025', '770 Eastwood Court', 'pmcgillicuddy4k', '2022-05-05', '2021-07-28 00:00:00.000000', NULL, NULL, NULL),
(166, 'Mayer Keir', '532-456-1338', '389 Carberry Hill', 'mkeir4l', '2021-10-25', '2021-10-05 00:00:00.000000', NULL, NULL, NULL),
(167, 'Mead Spires', '843-537-6520', '13546 Pepper Wood Plaza', 'mspires4m', '2021-11-08', '2021-09-15 00:00:00.000000', NULL, NULL, NULL),
(168, 'Helge Dudderidge', '747-374-8530', '88 Lighthouse Bay Trail', 'hdudderidge4n', '2021-11-22', '2021-10-21 00:00:00.000000', NULL, NULL, NULL),
(169, 'Tina Scolts', '563-760-3955', '4237 Golf Parkway', 'tscolts4o', '2022-05-16', '2021-10-29 00:00:00.000000', NULL, NULL, NULL),
(170, 'Olly Ramalhete', '670-956-9987', '2 Jenna Plaza', 'oramalhete4p', '2021-07-06', '2022-05-07 00:00:00.000000', NULL, NULL, NULL),
(171, 'Pammie Adacot', '683-397-7168', '8 Melrose Circle', 'padacot4q', '2022-02-02', '2021-09-27 00:00:00.000000', NULL, NULL, NULL),
(172, 'Sigismond Klimowski', '396-876-2500', '49 Pearson Parkway', 'sklimowski4r', '2021-09-11', '2021-07-12 00:00:00.000000', NULL, NULL, NULL),
(173, 'Cyndy Omrod', '888-947-0868', '97 Kings Center', 'comrod4s', '2022-02-26', '2022-05-14 00:00:00.000000', NULL, NULL, NULL),
(174, 'Ragnar Eastcourt', '757-969-3142', '25 Mandrake Junction', 'reastcourt4t', '2022-03-10', '2021-08-14 00:00:00.000000', NULL, NULL, NULL),
(175, 'Shaina Blaxill', '255-493-1111', '21397 Sunnyside Point', 'sblaxill4u', '2021-11-14', '2022-04-14 00:00:00.000000', NULL, NULL, NULL),
(176, 'Adrian Gillino', '900-798-4416', '6 Jay Court', 'agillino4v', '2022-03-10', '2021-11-12 00:00:00.000000', NULL, NULL, NULL),
(177, 'Troy Yurchishin', '329-683-7253', '1 Cherokee Circle', 'tyurchishin4w', '2022-01-27', '2022-03-27 00:00:00.000000', NULL, NULL, NULL),
(178, 'Vania Carnduff', '254-622-6290', '747 Merchant Crossing', 'vcarnduff4x', '2022-01-09', '2021-10-07 00:00:00.000000', NULL, NULL, NULL),
(179, 'Hastie Casely', '207-494-3828', '352 Gulseth Pass', 'hcasely4y', '2021-12-23', '2021-07-05 00:00:00.000000', NULL, NULL, NULL),
(180, 'Eachelle Chester', '351-779-7622', '13 Loftsgordon Terrace', 'echester4z', '2021-10-10', '2021-09-13 00:00:00.000000', NULL, NULL, NULL),
(181, 'Charis Pheasant', '530-912-4324', '3187 Vidon Pass', 'cpheasant50', '2021-12-25', '2021-09-06 00:00:00.000000', NULL, NULL, NULL),
(182, 'Leupold Tibbles', '786-804-8895', '2393 Hazelcrest Trail', 'ltibbles51', '2022-04-25', '2021-10-22 00:00:00.000000', NULL, NULL, NULL),
(183, 'Jorge Archer', '635-514-9285', '950 Mockingbird Avenue', 'jarcher52', '2021-06-25', '2021-11-21 00:00:00.000000', NULL, NULL, NULL),
(184, 'Dorris Showte', '196-358-6234', '3 Sycamore Circle', 'dshowte53', '2022-05-30', '2022-05-23 00:00:00.000000', NULL, NULL, NULL),
(185, 'Lyndell Farbrace', '830-813-3679', '003 Pepper Wood Crossing', 'lfarbrace54', '2022-05-16', '2021-11-28 00:00:00.000000', NULL, NULL, NULL),
(186, 'Daile Borrington', '184-624-8101', '7420 Arapahoe Street', 'dborrington55', '2021-08-05', '2021-09-09 00:00:00.000000', NULL, NULL, NULL),
(187, 'Raddie MacCumiskey', '591-998-4628', '671 Victoria Trail', 'rmaccumiskey56', '2021-10-11', '2021-09-14 00:00:00.000000', NULL, NULL, NULL),
(188, 'Dorthy Muckleston', '583-516-5800', '40073 Londonderry Lane', 'dmuckleston57', '2022-03-03', '2022-05-08 00:00:00.000000', NULL, NULL, NULL),
(189, 'Madlen Louche', '243-348-7297', '55 Susan Court', 'mlouche58', '2021-08-11', '2022-04-05 00:00:00.000000', NULL, NULL, NULL),
(190, 'Georges Casado', '233-175-7041', '81316 Sullivan Center', 'gcasado59', '2022-04-30', '2021-12-18 00:00:00.000000', NULL, NULL, NULL),
(191, 'Joey McCane', '970-250-5323', '35278 Mifflin Hill', 'jmccane5a', '2022-01-27', '2021-11-09 00:00:00.000000', NULL, NULL, NULL),
(192, 'Irvin Coveley', '230-438-5971', '78 Sheridan Circle', 'icoveley5b', '2021-12-05', '2021-06-25 00:00:00.000000', NULL, NULL, NULL),
(193, 'Elmo O\'Dulchonta', '150-644-4139', '2583 Reindahl Drive', 'eodulchonta5c', '2021-10-01', '2021-11-21 00:00:00.000000', NULL, NULL, NULL),
(194, 'Giuditta Eady', '695-451-8725', '3 Eagle Crest Plaza', 'geady5d', '2022-04-09', '2021-07-18 00:00:00.000000', NULL, NULL, NULL),
(195, 'Boycey Anthoin', '106-329-0340', '18095 Ilene Crossing', 'banthoin5e', '2022-03-20', '2021-08-05 00:00:00.000000', NULL, NULL, NULL),
(196, 'Mady Evangelinos', '285-666-5577', '5 Eagle Crest Hill', 'mevangelinos5f', '2022-05-21', '2022-02-16 00:00:00.000000', NULL, NULL, NULL),
(197, 'Kaitlynn Caltera', '635-988-6697', '4889 8th Court', 'kcaltera5g', '2021-11-02', '2022-05-05 00:00:00.000000', NULL, NULL, NULL),
(198, 'Ugo Choules', '140-515-4076', '3223 Browning Center', 'uchoules5h', '2021-07-15', '2022-04-24 00:00:00.000000', NULL, NULL, NULL),
(199, 'Ev Dyka', '628-602-4231', '79155 Oxford Plaza', 'edyka5i', '2022-06-08', '2022-05-04 00:00:00.000000', NULL, NULL, NULL),
(200, 'Elmore Scullin', '457-381-2966', '640 Muir Junction', 'escullin5j', '2021-07-21', '2022-03-18 00:00:00.000000', NULL, NULL, NULL),
(201, 'Berty Wilstead', '123-896-5178', '021 Orin Park', 'bwilstead5k', '2022-04-14', '2021-08-24 00:00:00.000000', NULL, NULL, NULL),
(202, 'Geno Meininking', '538-302-4269', '899 Jenifer Terrace', 'gmeininking5l', '2022-02-20', '2021-09-26 00:00:00.000000', NULL, NULL, NULL),
(203, 'Katuscha Norres', '293-750-7182', '3164 Glacier Hill Park', 'knorres5m', '2022-04-10', '2021-10-04 00:00:00.000000', NULL, NULL, NULL),
(204, 'Llewellyn Trillo', '104-378-2019', '12150 Chinook Circle', 'ltrillo5n', '2022-05-22', '2021-08-06 00:00:00.000000', NULL, NULL, NULL),
(205, 'Harald Champagne', '896-333-9806', '799 4th Circle', 'hchampagne5o', '2022-04-18', '2022-01-20 00:00:00.000000', NULL, NULL, NULL),
(206, 'Mickey Ayto', '440-332-3241', '840 Farragut Junction', 'mayto5p', '2021-08-24', '2021-06-28 00:00:00.000000', NULL, NULL, NULL),
(207, 'Izabel Twort', '572-326-7286', '1617 Becker Way', 'itwort5q', '2022-04-30', '2021-12-10 00:00:00.000000', NULL, NULL, NULL),
(208, 'Annalee Willett', '486-983-4839', '44 Cambridge Place', 'awillett5r', '2022-02-15', '2022-03-02 00:00:00.000000', NULL, NULL, NULL),
(209, 'Iormina Tretter', '262-338-1522', '38 Butterfield Avenue', 'itretter5s', '2022-02-26', '2021-07-13 00:00:00.000000', NULL, NULL, NULL),
(210, 'Rani Alekseicik', '562-979-0831', '0989 Sunnyside Crossing', 'ralekseicik5t', '2022-02-18', '2022-01-01 00:00:00.000000', NULL, NULL, NULL),
(211, 'Jena Bowling', '965-401-5404', '9551 Artisan Plaza', 'jbowling5u', '2021-08-22', '2021-08-25 00:00:00.000000', NULL, NULL, NULL),
(212, 'Olympia Manlow', '102-406-9175', '81466 Bay Drive', 'omanlow5v', '2022-05-03', '2022-05-29 00:00:00.000000', NULL, NULL, NULL),
(213, 'Kip Crowdy', '392-748-4847', '5294 Almo Place', 'kcrowdy5w', '2022-05-14', '2022-01-08 00:00:00.000000', NULL, NULL, NULL),
(214, 'Carina Gilchrist', '561-842-9206', '55454 Buhler Road', 'cgilchrist5x', '2022-05-11', '2021-09-20 00:00:00.000000', NULL, NULL, NULL),
(215, 'Bel Baudic', '276-595-2558', '685 Butternut Drive', 'bbaudic5y', '2022-04-08', '2021-08-21 00:00:00.000000', NULL, NULL, NULL),
(216, 'Dulciana Mayman', '101-467-4972', '6 Porter Trail', 'dmayman5z', '2021-10-01', '2021-08-07 00:00:00.000000', NULL, NULL, NULL),
(217, 'Glynnis Spinige', '121-752-2731', '2 Grayhawk Plaza', 'gspinige60', '2022-01-29', '2022-03-15 00:00:00.000000', NULL, NULL, NULL),
(218, 'Edgard Corstorphine', '611-987-4049', '480 Maple Wood Avenue', 'ecorstorphine61', '2021-12-06', '2022-03-19 00:00:00.000000', NULL, NULL, NULL),
(219, 'Claiborne Harle', '358-556-9348', '81 Stang Way', 'charle62', '2021-10-16', '2021-12-27 00:00:00.000000', NULL, NULL, NULL),
(220, 'Mahmud Milton', '869-600-8137', '1919 Lotheville Way', 'mmilton63', '2022-04-19', '2022-05-10 00:00:00.000000', NULL, NULL, NULL),
(221, 'Ricky Thecham', '355-675-1288', '30334 Southridge Park', 'rthecham64', '2021-08-29', '2021-12-17 00:00:00.000000', NULL, NULL, NULL),
(222, 'Rois Feldhuhn', '172-719-0706', '25243 Moland Park', 'rfeldhuhn65', '2022-04-10', '2021-10-29 00:00:00.000000', NULL, NULL, NULL),
(223, 'Marmaduke Cosgreave', '206-477-8856', '27439 Hallows Place', 'mcosgreave66', '2022-04-12', '2022-01-02 00:00:00.000000', NULL, NULL, NULL),
(224, 'Danell Edgehill', '774-360-6297', '9 Lakewood Gardens Center', 'dedgehill67', '2021-12-13', '2022-02-24 00:00:00.000000', NULL, NULL, NULL),
(225, 'Conny Hugin', '453-860-3618', '12244 Southridge Hill', 'chugin68', '2021-10-21', '2021-10-08 00:00:00.000000', NULL, NULL, NULL),
(226, 'Sascha Ciric', '986-835-7152', '01 Esker Parkway', 'sciric69', '2022-05-25', '2021-10-26 00:00:00.000000', NULL, NULL, NULL),
(227, 'Gael Rippingale', '763-987-0015', '0 Myrtle Parkway', 'grippingale6a', '2021-09-06', '2021-08-05 00:00:00.000000', NULL, NULL, NULL),
(228, 'Janet Hanford', '659-432-0526', '57529 3rd Center', 'jhanford6b', '2021-12-20', '2021-07-25 00:00:00.000000', NULL, NULL, NULL),
(229, 'Bambi Shyram', '164-281-0565', '676 Sunbrook Road', 'bshyram6c', '2021-12-23', '2022-01-19 00:00:00.000000', NULL, NULL, NULL),
(230, 'Salli Britnell', '299-391-5109', '01760 Sunfield Park', 'sbritnell6d', '2021-06-29', '2021-12-08 00:00:00.000000', NULL, NULL, NULL),
(231, 'Deeanne Smowton', '749-904-7063', '13879 Dryden Park', 'dsmowton6e', '2021-07-24', '2021-12-22 00:00:00.000000', NULL, NULL, NULL),
(232, 'Wood Burburough', '279-188-4215', '471 Scoville Center', 'wburburough6f', '2021-06-15', '2022-01-31 00:00:00.000000', NULL, NULL, NULL),
(233, 'Josselyn Gretton', '773-118-9560', '194 Badeau Avenue', 'jgretton6g', '2021-07-11', '2021-12-05 00:00:00.000000', NULL, NULL, NULL),
(234, 'Dagmar Priditt', '877-702-2752', '2 Division Hill', 'dpriditt6h', '2022-02-07', '2021-09-17 00:00:00.000000', NULL, NULL, NULL),
(235, 'Auria McKall', '812-293-4535', '11889 Badeau Lane', 'amckall6i', '2022-02-25', '2021-07-01 00:00:00.000000', NULL, NULL, NULL),
(236, 'Whitaker McCaskell', '214-661-7555', '940 Myrtle Avenue', 'wmccaskell6j', '2021-10-10', '2021-10-10 00:00:00.000000', NULL, NULL, NULL),
(237, 'Mendy Dulling', '382-706-3521', '637 Bartelt Street', 'mdulling6k', '2022-04-08', '2021-12-05 00:00:00.000000', NULL, NULL, NULL),
(238, 'Read Scandrett', '360-632-2754', '6482 Crescent Oaks Center', 'rscandrett6l', '2022-02-17', '2022-02-21 00:00:00.000000', NULL, NULL, NULL),
(239, 'Waly Fromont', '596-267-9164', '5 Fallview Place', 'wfromont6m', '2021-07-12', '2021-10-20 00:00:00.000000', NULL, NULL, NULL),
(240, 'Lauretta Denziloe', '232-146-1068', '6 Goodland Plaza', 'ldenziloe6n', '2022-04-01', '2022-02-16 00:00:00.000000', NULL, NULL, NULL),
(241, 'Angele Pflieger', '127-407-6082', '37704 Carpenter Center', 'apflieger6o', '2021-12-21', '2022-03-06 00:00:00.000000', NULL, NULL, NULL),
(242, 'Kissie Gossage', '728-594-1679', '2973 Briar Crest Terrace', 'kgossage6p', '2022-05-01', '2021-06-15 00:00:00.000000', NULL, NULL, NULL),
(243, 'Matthiew Patriche', '677-169-1966', '08060 Carpenter Junction', 'mpatriche6q', '2022-05-10', '2021-11-02 00:00:00.000000', NULL, NULL, NULL),
(244, 'Nelie Brabben', '111-376-3413', '442 Thierer Terrace', 'nbrabben6r', '2022-05-01', '2021-12-21 00:00:00.000000', NULL, NULL, NULL),
(245, 'Silva Hedlestone', '911-149-0378', '09 Vidon Junction', 'shedlestone6s', '2022-03-16', '2022-01-08 00:00:00.000000', NULL, NULL, NULL),
(246, 'Wernher Gyurko', '432-311-3822', '452 Miller Road', 'wgyurko6t', '2021-11-19', '2022-05-03 00:00:00.000000', NULL, NULL, NULL),
(247, 'Carter Vigneron', '210-150-8203', '66726 Loftsgordon Center', 'cvigneron6u', '2022-02-08', '2022-01-28 00:00:00.000000', NULL, NULL, NULL),
(248, 'Katuscha Jerche', '634-433-7501', '65276 Nobel Drive', 'kjerche6v', '2022-04-12', '2022-02-11 00:00:00.000000', NULL, NULL, NULL),
(249, 'Arnaldo McGillivrie', '591-790-3369', '20758 Kim Place', 'amcgillivrie6w', '2021-11-25', '2021-08-17 00:00:00.000000', NULL, NULL, NULL),
(250, 'Moina Cough', '673-848-2633', '217 Jackson Place', 'mcough6x', '2021-12-31', '2022-06-04 00:00:00.000000', NULL, NULL, NULL),
(251, 'Mata Lehr', '694-837-8290', '6 Sunfield Parkway', 'mlehr6y', '2021-12-23', '2021-11-26 00:00:00.000000', NULL, NULL, NULL),
(252, 'Booth Quinnette', '675-191-1725', '8536 Banding Crossing', 'bquinnette6z', '2022-05-21', '2021-06-14 00:00:00.000000', NULL, NULL, NULL),
(253, 'Kacie Bolzen', '319-589-4966', '6 Hanson Center', 'kbolzen70', '2022-01-10', '2022-05-08 00:00:00.000000', NULL, NULL, NULL),
(254, 'Vasily Urwen', '237-745-5925', '1413 Merchant Point', 'vurwen71', '2022-05-29', '2021-12-26 00:00:00.000000', NULL, NULL, NULL),
(255, 'Waverley Muldownie', '147-807-6860', '37 Dryden Parkway', 'wmuldownie72', '2021-09-04', '2021-07-30 00:00:00.000000', NULL, NULL, NULL),
(256, 'Marshal Powlesland', '769-230-4209', '6 Claremont Terrace', 'mpowlesland73', '2021-12-10', '2021-06-14 00:00:00.000000', NULL, NULL, NULL),
(257, 'Jaclin Caddens', '808-780-0031', '38804 Corben Park', 'jcaddens74', '2021-08-05', '2022-01-28 00:00:00.000000', NULL, NULL, NULL),
(258, 'Jarrod Coward', '973-251-5508', '4 Menomonie Plaza', 'jcoward75', '2022-05-20', '2021-12-07 00:00:00.000000', NULL, NULL, NULL),
(259, 'Joscelin Arnaez', '762-367-4869', '22587 Moland Way', 'jarnaez76', '2022-03-25', '2021-10-05 00:00:00.000000', NULL, NULL, NULL),
(260, 'Ulla MacGahey', '575-522-6029', '04759 Roxbury Pass', 'umacgahey77', '2021-09-02', '2021-10-24 00:00:00.000000', NULL, NULL, NULL),
(261, 'Reta Knoton', '448-244-4500', '825 Mockingbird Hill', 'rknoton78', '2022-02-26', '2021-12-04 00:00:00.000000', NULL, NULL, NULL),
(262, 'Anthiathia Cluer', '977-747-3551', '5282 Stang Circle', 'acluer79', '2021-08-09', '2022-01-14 00:00:00.000000', NULL, NULL, NULL),
(263, 'Ricardo Duddell', '499-634-1339', '6072 Warner Terrace', 'rduddell7a', '2022-06-07', '2022-02-25 00:00:00.000000', NULL, NULL, NULL),
(264, 'Nissie Whyatt', '543-798-4605', '40 American Ash Point', 'nwhyatt7b', '2021-08-15', '2022-04-07 00:00:00.000000', NULL, NULL, NULL),
(265, 'Dwain Arundell', '592-902-1693', '153 Utah Crossing', 'darundell7c', '2021-12-10', '2022-05-26 00:00:00.000000', NULL, NULL, NULL),
(266, 'Marci Ladell', '622-460-1540', '681 Summerview Circle', 'mladell7d', '2022-01-03', '2022-02-15 00:00:00.000000', NULL, NULL, NULL),
(267, 'Maynard Kondrachenko', '743-737-7396', '4 Duke Plaza', 'mkondrachenko7e', '2022-01-05', '2022-04-06 00:00:00.000000', NULL, NULL, NULL),
(268, 'Chere Bedinham', '221-203-9495', '09939 Cody Place', 'cbedinham7f', '2022-04-22', '2021-08-01 00:00:00.000000', NULL, NULL, NULL),
(269, 'Lizbeth Bickerstaffe', '142-182-5285', '21 Marquette Road', 'lbickerstaffe7g', '2021-07-07', '2022-05-08 00:00:00.000000', NULL, NULL, NULL),
(270, 'Rowena Daouse', '993-429-3676', '8 Loftsgordon Point', 'rdaouse7h', '2022-02-10', '2021-07-09 00:00:00.000000', NULL, NULL, NULL),
(271, 'Davie O\'Grada', '508-666-1117', '2964 Clarendon Pass', 'dograda7i', '2021-08-23', '2021-09-15 00:00:00.000000', NULL, NULL, NULL),
(272, 'Catharina O\'Hartnedy', '558-217-8068', '2 Ramsey Crossing', 'cohartnedy7j', '2021-07-09', '2022-04-06 00:00:00.000000', NULL, NULL, NULL),
(273, 'Josefina Pickance', '824-869-7018', '107 Hudson Junction', 'jpickance7k', '2021-12-10', '2021-08-05 00:00:00.000000', NULL, NULL, NULL),
(274, 'Gisele Roffey', '890-914-4390', '72303 Thompson Lane', 'groffey7l', '2021-10-03', '2022-02-11 00:00:00.000000', NULL, NULL, NULL),
(275, 'Daveta Kay', '935-439-1516', '83 Gerald Park', 'dkay7m', '2022-06-02', '2021-09-12 00:00:00.000000', NULL, NULL, NULL),
(276, 'Kinnie Hulkes', '158-206-4778', '0730 Melrose Crossing', 'khulkes7n', '2022-01-14', '2022-01-08 00:00:00.000000', NULL, NULL, NULL),
(277, 'Roosevelt Matley', '485-998-6305', '83216 Graedel Junction', 'rmatley7o', '2021-10-22', '2021-09-16 00:00:00.000000', NULL, NULL, NULL),
(278, 'Patty Di Batista', '805-582-1632', '00 Derek Street', 'pdi7p', '2022-03-02', '2022-01-29 00:00:00.000000', NULL, NULL, NULL),
(279, 'Cissiee Hardingham', '575-887-8831', '88838 Pankratz Way', 'chardingham7q', '2022-03-16', '2022-04-08 00:00:00.000000', NULL, NULL, NULL),
(280, 'Viviene Baldoni', '342-436-9218', '16 Harbort Center', 'vbaldoni7r', '2022-01-11', '2022-03-03 00:00:00.000000', NULL, NULL, NULL),
(281, 'Kaleena Wykey', '683-458-4021', '71 Butterfield Hill', 'kwykey7s', '2022-03-27', '2022-04-17 00:00:00.000000', NULL, NULL, NULL),
(282, 'Judon Queen', '516-176-6292', '5403 Dayton Parkway', 'jqueen7t', '2021-08-28', '2021-06-17 00:00:00.000000', NULL, NULL, NULL),
(283, 'Belle Petasch', '118-101-6791', '80 Sommers Crossing', 'bpetasch7u', '2022-04-27', '2022-02-25 00:00:00.000000', NULL, NULL, NULL),
(284, 'Zacharia Rodolf', '251-537-6061', '67382 Crowley Terrace', 'zrodolf7v', '2021-12-10', '2022-03-10 00:00:00.000000', NULL, NULL, NULL),
(285, 'Sergio Tutchings', '340-518-8800', '1659 Truax Alley', 'stutchings7w', '2022-03-05', '2021-09-24 00:00:00.000000', NULL, NULL, NULL),
(286, 'Hughie Delnevo', '975-435-5666', '68991 Valley Edge Court', 'hdelnevo7x', '2021-10-18', '2021-12-19 00:00:00.000000', NULL, NULL, NULL),
(287, 'Buddy Wimpress', '145-853-6362', '6822 Jackson Park', 'bwimpress7y', '2022-04-04', '2022-02-11 00:00:00.000000', NULL, NULL, NULL),
(288, 'Dyanna Poile', '670-856-8614', '65589 Sunfield Center', 'dpoile7z', '2021-07-09', '2021-09-12 00:00:00.000000', NULL, NULL, NULL),
(289, 'Wayne Pyott', '710-649-3682', '39 Grover Alley', 'wpyott80', '2021-10-01', '2021-12-26 00:00:00.000000', NULL, NULL, NULL),
(290, 'Gibb Hauger', '415-602-3824', '2 Bluestem Alley', 'ghauger81', '2021-08-05', '2022-04-29 00:00:00.000000', NULL, NULL, NULL),
(291, 'Gregory Hanford', '359-314-5026', '94 Michigan Parkway', 'ghanford82', '2022-05-24', '2021-10-23 00:00:00.000000', NULL, NULL, NULL),
(292, 'Winnah Joerning', '888-846-4238', '87152 Miller Trail', 'wjoerning83', '2021-09-06', '2022-01-23 00:00:00.000000', NULL, NULL, NULL),
(293, 'Hollyanne Katzmann', '724-742-7033', '1395 Del Mar Crossing', 'hkatzmann84', '2021-06-24', '2021-07-25 00:00:00.000000', NULL, NULL, NULL),
(294, 'Jeralee Ryding', '856-807-3974', '18 8th Circle', 'jryding85', '2022-03-23', '2021-08-28 00:00:00.000000', NULL, NULL, NULL),
(295, 'Kayle Atherley', '122-561-6314', '6236 Cardinal Terrace', 'katherley86', '2021-09-02', '2021-12-23 00:00:00.000000', NULL, NULL, NULL),
(296, 'Jobie Shovell', '611-500-6996', '5 Waywood Place', 'jshovell87', '2021-09-10', '2022-04-09 00:00:00.000000', NULL, NULL, NULL),
(297, 'Teddy Pengilley', '600-512-4410', '6 Dahle Avenue', 'tpengilley88', '2021-08-16', '2021-11-22 00:00:00.000000', NULL, NULL, NULL),
(298, 'Becka Hinkley', '785-416-3151', '6 Montana Lane', 'bhinkley89', '2021-12-06', '2022-02-12 00:00:00.000000', NULL, NULL, NULL),
(299, 'Rourke Heinecke', '715-916-7467', '761 Goodland Parkway', 'rheinecke8a', '2022-01-18', '2021-10-25 00:00:00.000000', NULL, NULL, NULL),
(300, 'Tuesday Yusupov', '486-630-2169', '484 Havey Street', 'tyusupov8b', '2021-10-26', '2021-07-17 00:00:00.000000', NULL, NULL, NULL),
(301, 'Rees Grzegorzewicz', '637-679-4022', '87 Leroy Terrace', 'rgrzegorzewicz8c', '2022-05-08', '2021-10-04 00:00:00.000000', NULL, NULL, NULL),
(302, 'Deeyn Negri', '274-667-1532', '9 Jana Pass', 'dnegri8d', '2021-06-23', '2021-11-05 00:00:00.000000', NULL, NULL, NULL),
(303, 'Brinna Steel', '876-116-0760', '6 Arapahoe Street', 'bsteel8e', '2021-10-26', '2022-02-22 00:00:00.000000', NULL, NULL, NULL),
(304, 'Kathy Stirrip', '299-196-2199', '4 Dottie Point', 'kstirrip8f', '2022-04-27', '2022-06-08 00:00:00.000000', NULL, NULL, NULL),
(305, 'Ezri Longland', '273-428-8487', '46457 Amoth Park', 'elongland8g', '2021-11-30', '2022-01-23 00:00:00.000000', NULL, NULL, NULL),
(306, 'Leshia Banner', '510-159-0693', '5501 Mendota Alley', 'lbanner8h', '2022-05-17', '2022-03-11 00:00:00.000000', NULL, NULL, NULL),
(307, 'Winonah Mycroft', '395-846-2094', '239 Fremont Trail', 'wmycroft8i', '2022-02-24', '2021-07-21 00:00:00.000000', NULL, NULL, NULL),
(308, 'Renata Peller', '942-898-6655', '3997 Riverside Parkway', 'rpeller8j', '2021-07-18', '2021-08-22 00:00:00.000000', NULL, NULL, NULL),
(309, 'Inesita Gambrell', '798-585-7081', '48 Gina Trail', 'igambrell8k', '2021-07-02', '2021-10-06 00:00:00.000000', NULL, NULL, NULL),
(310, 'Lee O\'Luney', '490-353-7368', '1569 Linden Way', 'loluney8l', '2021-10-25', '2021-10-24 00:00:00.000000', NULL, NULL, NULL),
(311, 'Rikki Bake', '769-882-7161', '86078 Arapahoe Lane', 'rbake8m', '2022-05-12', '2022-02-21 00:00:00.000000', NULL, NULL, NULL),
(312, 'Gare Roland', '598-499-0297', '255 Drewry Hill', 'groland8n', '2022-04-13', '2021-07-10 00:00:00.000000', NULL, NULL, NULL),
(313, 'Daron Douthwaite', '162-609-0882', '9546 Luster Point', 'ddouthwaite8o', '2022-02-15', '2021-12-08 00:00:00.000000', NULL, NULL, NULL),
(314, 'Sly Argile', '387-968-9263', '6 Grover Lane', 'sargile8p', '2021-09-05', '2021-12-07 00:00:00.000000', NULL, NULL, NULL),
(315, 'Bili Mecco', '623-196-8332', '655 Stuart Parkway', 'bmecco8q', '2021-10-16', '2021-11-16 00:00:00.000000', NULL, NULL, NULL),
(316, 'Merrily Hunston', '133-243-4412', '036 Maryland Street', 'mhunston8r', '2022-02-11', '2021-09-15 00:00:00.000000', NULL, NULL, NULL),
(317, 'Leshia Brundale', '628-829-9815', '57 Mesta Alley', 'lbrundale8s', '2021-12-07', '2022-05-31 00:00:00.000000', NULL, NULL, NULL),
(318, 'Erskine Olivia', '768-992-0746', '674 Southridge Pass', 'eolivia8t', '2022-04-14', '2021-12-06 00:00:00.000000', NULL, NULL, NULL),
(319, 'Ermanno Vina', '696-546-6682', '0718 Straubel Terrace', 'evina8u', '2021-09-28', '2021-07-02 00:00:00.000000', NULL, NULL, NULL),
(320, 'Wendell Denholm', '819-485-3767', '05 Talmadge Terrace', 'wdenholm8v', '2022-03-29', '2022-03-01 00:00:00.000000', NULL, NULL, NULL),
(321, 'Nettle Wisham', '681-685-9972', '343 Lawn Park', 'nwisham8w', '2021-06-16', '2021-12-11 00:00:00.000000', NULL, NULL, NULL),
(322, 'Vinny Jimpson', '631-682-2639', '5 Delladonna Pass', 'vjimpson8x', '2021-06-27', '2021-06-23 00:00:00.000000', NULL, NULL, NULL),
(323, 'Truda Mousby', '685-533-4590', '792 Briar Crest Crossing', 'tmousby8y', '2022-04-11', '2022-01-24 00:00:00.000000', NULL, NULL, NULL),
(324, 'Jethro Knagges', '499-172-8270', '17928 Eggendart Crossing', 'jknagges8z', '2022-02-08', '2022-02-28 00:00:00.000000', NULL, NULL, NULL),
(325, 'Eolanda Lorimer', '955-101-8913', '34 Everett Trail', 'elorimer90', '2022-04-27', '2022-02-22 00:00:00.000000', NULL, NULL, NULL),
(326, 'Aluin Barritt', '885-402-2195', '8740 Badeau Circle', 'abarritt91', '2022-02-21', '2022-05-25 00:00:00.000000', NULL, NULL, NULL),
(327, 'Danette Helix', '328-728-8478', '14166 Sunnyside Trail', 'dhelix92', '2022-01-21', '2021-11-10 00:00:00.000000', NULL, NULL, NULL),
(328, 'Victor Lillecrap', '351-571-2544', '66 Forster Crossing', 'vlillecrap93', '2021-10-09', '2022-04-04 00:00:00.000000', NULL, NULL, NULL),
(329, 'Filmore Creed', '174-311-1831', '7 Weeping Birch Park', 'fcreed94', '2022-04-25', '2021-08-07 00:00:00.000000', NULL, NULL, NULL),
(330, 'Kakalina Coggings', '346-946-6842', '3791 Kropf Way', 'kcoggings95', '2022-02-22', '2022-06-05 00:00:00.000000', NULL, NULL, NULL),
(331, 'Dale Stockley', '293-681-3994', '60 Loomis Terrace', 'dstockley96', '2021-06-30', '2022-01-22 00:00:00.000000', NULL, NULL, NULL),
(332, 'Rube Matzke', '266-830-8595', '90185 Dexter Plaza', 'rmatzke97', '2021-09-23', '2022-05-21 00:00:00.000000', NULL, NULL, NULL),
(333, 'Frances Beauvais', '599-400-9986', '28403 Fallview Street', 'fbeauvais98', '2021-09-08', '2021-11-08 00:00:00.000000', NULL, NULL, NULL),
(334, 'Ernest Kermode', '769-559-0777', '47 Golf Course Pass', 'ekermode99', '2021-12-31', '2021-08-28 00:00:00.000000', NULL, NULL, NULL),
(335, 'Joy Muir', '784-802-9280', '749 Continental Hill', 'jmuir9a', '2022-06-07', '2022-01-22 00:00:00.000000', NULL, NULL, NULL),
(336, 'Lotte Rex', '138-983-7354', '87 Darwin Avenue', 'lrex9b', '2022-05-20', '2021-09-11 00:00:00.000000', NULL, NULL, NULL),
(337, 'Enos Chieze', '218-141-5089', '2 Merchant Hill', 'echieze9c', '2021-11-06', '2021-12-02 00:00:00.000000', NULL, NULL, NULL),
(338, 'Haskel Pesak', '560-911-7677', '6 Anthes Alley', 'hpesak9d', '2022-04-09', '2022-04-24 00:00:00.000000', NULL, NULL, NULL),
(339, 'Madelle Gaughan', '815-410-1141', '16879 Springs Court', 'mgaughan9e', '2022-02-26', '2021-08-03 00:00:00.000000', NULL, NULL, NULL),
(340, 'Lauri Cone', '358-102-3851', '7 Spaight Center', 'lcone9f', '2021-06-25', '2021-08-20 00:00:00.000000', NULL, NULL, NULL),
(341, 'Caye Duerden', '821-277-7970', '370 Nancy Drive', 'cduerden9g', '2021-08-05', '2021-07-16 00:00:00.000000', NULL, NULL, NULL),
(342, 'Renato Seary', '464-468-3595', '1011 Corry Road', 'rseary9h', '2022-01-22', '2021-11-20 00:00:00.000000', NULL, NULL, NULL),
(343, 'Willie Airy', '908-159-6638', '7367 Shopko Junction', 'wairy9i', '2022-05-13', '2022-05-05 00:00:00.000000', NULL, NULL, NULL),
(344, 'Jilly Comins', '869-831-9704', '177 Westerfield Circle', 'jcomins9j', '2021-07-12', '2021-08-27 00:00:00.000000', NULL, NULL, NULL),
(345, 'Antons Meeny', '493-435-7500', '783 Ridgeway Court', 'ameeny9k', '2021-12-07', '2021-09-26 00:00:00.000000', NULL, NULL, NULL),
(346, 'Chiarra Bagby', '414-793-1154', '04923 Stone Corner Alley', 'cbagby9l', '2021-08-28', '2022-01-25 00:00:00.000000', NULL, NULL, NULL),
(347, 'Andreana Gwinnett', '235-716-3549', '24 Melody Terrace', 'agwinnett9m', '2021-12-10', '2021-10-25 00:00:00.000000', NULL, NULL, NULL),
(348, 'Clarette Maven', '142-826-0845', '07 Mosinee Trail', 'cmaven9n', '2021-07-16', '2022-05-09 00:00:00.000000', NULL, NULL, NULL),
(349, 'Pat Dring', '589-501-2542', '8661 Meadow Valley Center', 'pdring9o', '2022-04-30', '2021-11-16 00:00:00.000000', NULL, NULL, NULL),
(350, 'Avril Robillart', '823-891-6426', '758 Rockefeller Park', 'arobillart9p', '2021-06-24', '2021-06-14 00:00:00.000000', NULL, NULL, NULL),
(351, 'Jacquenetta Cogdon', '947-933-6874', '71 Surrey Avenue', 'jcogdon9q', '2021-12-30', '2022-02-01 00:00:00.000000', NULL, NULL, NULL),
(352, 'Norine Beneteau', '661-756-5955', '64109 Elmside Center', 'nbeneteau9r', '2021-06-23', '2021-10-03 00:00:00.000000', NULL, NULL, NULL),
(353, 'Sammy Moyne', '765-929-9097', '4 Chinook Avenue', 'smoyne9s', '2021-12-10', '2021-09-10 00:00:00.000000', NULL, NULL, NULL),
(354, 'Jervis Braham', '264-566-5407', '1724 Heath Lane', 'jbraham9t', '2022-06-02', '2022-02-27 00:00:00.000000', NULL, NULL, NULL),
(355, 'Thorndike Seyfart', '900-691-1500', '58 Straubel Park', 'tseyfart9u', '2022-04-08', '2022-04-18 00:00:00.000000', NULL, NULL, NULL),
(356, 'Rafaelia Tassaker', '146-476-3572', '0490 Village Drive', 'rtassaker9v', '2022-06-08', '2021-09-19 00:00:00.000000', NULL, NULL, NULL),
(357, 'Casi Hammerich', '416-971-8883', '9 Union Park', 'chammerich9w', '2022-05-04', '2022-02-01 00:00:00.000000', NULL, NULL, NULL),
(358, 'Tiff Gimlet', '575-810-9211', '32 Merrick Way', 'tgimlet9x', '2021-08-03', '2022-01-11 00:00:00.000000', NULL, NULL, NULL),
(359, 'Gabbi Fiddyment', '670-218-8108', '113 Sherman Terrace', 'gfiddyment9y', '2021-11-16', '2022-05-13 00:00:00.000000', NULL, NULL, NULL),
(360, 'Jennica Sissot', '183-972-1524', '5 Eastlawn Way', 'jsissot9z', '2022-04-30', '2021-08-31 00:00:00.000000', NULL, NULL, NULL),
(361, 'Cary Nelthorpe', '963-145-4445', '227 Farragut Terrace', 'cnelthorpea0', '2021-12-01', '2021-10-30 00:00:00.000000', NULL, NULL, NULL),
(362, 'Editha Howison', '816-767-0207', '47 Hanson Crossing', 'ehowisona1', '2022-05-13', '2022-01-13 00:00:00.000000', NULL, NULL, NULL),
(363, 'Carr Cregan', '792-624-1484', '70496 Texas Avenue', 'ccregana2', '2022-02-02', '2021-09-05 00:00:00.000000', NULL, NULL, NULL),
(364, 'Jade Jackling', '842-710-5299', '2482 Barby Park', 'jjacklinga3', '2022-03-19', '2022-05-31 00:00:00.000000', NULL, NULL, NULL),
(365, 'Petey Lochet', '136-593-1836', '035 Hudson Point', 'plocheta4', '2021-12-05', '2022-05-22 00:00:00.000000', NULL, NULL, NULL);
INSERT INTO `doctors` (`id`, `doctor_name`, `phone`, `location`, `come_by`, `join_at`, `created_at`, `updated_at`, `created_by_id`, `updated_by_id`) VALUES
(366, 'Avis Beranek', '160-416-5263', '82512 Rusk Drive', 'aberaneka5', '2021-12-01', '2021-10-20 00:00:00.000000', NULL, NULL, NULL),
(367, 'Korry Watts', '269-259-2843', '208 Vahlen Junction', 'kwattsa6', '2021-09-23', '2021-12-08 00:00:00.000000', NULL, NULL, NULL),
(368, 'Mal Thirtle', '701-975-9122', '7 Kinsman Street', 'mthirtlea7', '2021-11-21', '2021-08-19 00:00:00.000000', NULL, NULL, NULL),
(369, 'Kalindi Matheson', '761-540-2214', '08 Clemons Pass', 'kmathesona8', '2022-01-28', '2021-11-21 00:00:00.000000', NULL, NULL, NULL),
(370, 'Nerty Kellar', '559-143-3331', '1689 Nobel Trail', 'nkellara9', '2021-12-13', '2021-11-28 00:00:00.000000', NULL, NULL, NULL),
(371, 'Samantha De Cleen', '933-385-3858', '60 Lakewood Park', 'sdeaa', '2021-08-03', '2022-05-16 00:00:00.000000', NULL, NULL, NULL),
(372, 'Simon Pactat', '885-555-7509', '14814 Summerview Drive', 'spactatab', '2021-09-17', '2021-09-21 00:00:00.000000', NULL, NULL, NULL),
(373, 'Charmane Iffland', '452-824-5383', '6 Colorado Point', 'cifflandac', '2022-06-09', '2022-02-24 00:00:00.000000', NULL, NULL, NULL),
(374, 'Enoch Richin', '466-218-1684', '2824 Brickson Park Trail', 'erichinad', '2022-02-26', '2022-04-29 00:00:00.000000', NULL, NULL, NULL),
(375, 'Alysa Sainthill', '158-253-3196', '267 Fulton Junction', 'asainthillae', '2021-07-15', '2021-10-15 00:00:00.000000', NULL, NULL, NULL),
(376, 'Marve Archbell', '752-616-7661', '86193 Walton Point', 'marchbellaf', '2022-02-23', '2022-05-05 00:00:00.000000', NULL, NULL, NULL),
(377, 'Bennie Lemasney', '436-244-0272', '17 Dapin Parkway', 'blemasneyag', '2022-01-17', '2021-08-08 00:00:00.000000', NULL, NULL, NULL),
(378, 'Helaina Buckbee', '136-483-5475', '465 Warbler Circle', 'hbuckbeeah', '2022-04-23', '2022-04-25 00:00:00.000000', NULL, NULL, NULL),
(379, 'Jolynn Gainseford', '852-793-2709', '846 Vera Pass', 'jgainsefordai', '2022-06-02', '2021-08-22 00:00:00.000000', NULL, NULL, NULL),
(380, 'Thurstan Trott', '456-177-6564', '333 Continental Place', 'ttrottaj', '2022-02-11', '2021-09-15 00:00:00.000000', NULL, NULL, NULL),
(381, 'Verena Parnham', '922-668-2718', '0852 Amoth Point', 'vparnhamak', '2021-08-27', '2021-07-29 00:00:00.000000', NULL, NULL, NULL),
(382, 'Esta Spear', '672-464-1696', '07 Gateway Court', 'espearal', '2022-04-19', '2022-04-12 00:00:00.000000', NULL, NULL, NULL),
(383, 'Agustin Kaygill', '717-986-1786', '85 Straubel Drive', 'akaygillam', '2021-12-04', '2021-08-21 00:00:00.000000', NULL, NULL, NULL),
(384, 'Jaime Aubery', '383-338-3447', '866 Jenifer Court', 'jauberyan', '2021-07-30', '2022-01-31 00:00:00.000000', NULL, NULL, NULL),
(385, 'Bjorn Mawman', '503-822-3594', '3 Blaine Avenue', 'bmawmanao', '2022-03-14', '2022-01-27 00:00:00.000000', NULL, NULL, NULL),
(386, 'Kit Weatherdon', '649-397-7962', '64 Truax Point', 'kweatherdonap', '2022-02-10', '2021-11-19 00:00:00.000000', NULL, NULL, NULL),
(387, 'Julian Mowson', '311-141-0163', '87706 Granby Center', 'jmowsonaq', '2022-06-05', '2021-12-16 00:00:00.000000', NULL, NULL, NULL),
(388, 'Susie Jaqueme', '784-693-6749', '6 Maple Wood Hill', 'sjaquemear', '2021-09-11', '2022-03-24 00:00:00.000000', NULL, NULL, NULL),
(389, 'Cornell Roskruge', '674-524-2063', '5526 Clarendon Court', 'croskrugeas', '2021-08-18', '2022-03-01 00:00:00.000000', NULL, NULL, NULL),
(390, 'Emmit McNay', '283-366-0743', '4650 Bluejay Street', 'emcnayat', '2021-11-26', '2022-05-04 00:00:00.000000', NULL, NULL, NULL),
(391, 'Simonette Lates', '211-708-9155', '58 Fuller Street', 'slatesau', '2021-10-10', '2021-07-22 00:00:00.000000', NULL, NULL, NULL),
(392, 'Mattias Cooke', '822-987-7357', '6992 Park Meadow Alley', 'mcookeav', '2021-09-22', '2021-09-17 00:00:00.000000', NULL, NULL, NULL),
(393, 'Dorena Aitkin', '557-681-3755', '1628 Prairieview Terrace', 'daitkinaw', '2022-02-16', '2021-09-13 00:00:00.000000', NULL, NULL, NULL),
(394, 'Merridie Simonson', '201-755-0779', '9 Bowman Court', 'msimonsonax', '2022-03-04', '2021-08-13 00:00:00.000000', NULL, NULL, NULL),
(395, 'Xenia Gert', '655-213-2647', '25 Bartelt Point', 'xgertay', '2022-04-26', '2022-01-12 00:00:00.000000', NULL, NULL, NULL),
(396, 'Auberon Hallums', '740-637-0322', '02209 4th Crossing', 'ahallumsaz', '2021-06-24', '2021-09-09 00:00:00.000000', NULL, NULL, NULL),
(397, 'Naomi Jorg', '525-135-3111', '45268 Upham Terrace', 'njorgb0', '2021-09-07', '2021-12-08 00:00:00.000000', NULL, NULL, NULL),
(398, 'Arlie Probyn', '819-437-9526', '012 Anzinger Center', 'aprobynb1', '2022-04-18', '2022-03-23 00:00:00.000000', NULL, NULL, NULL),
(399, 'Corliss Bosanko', '159-503-0029', '0488 Jana Parkway', 'cbosankob2', '2022-02-20', '2021-07-01 00:00:00.000000', NULL, NULL, NULL),
(400, 'Cobb Van Baaren', '181-390-3683', '8405 Hauk Way', 'cvanb3', '2022-02-20', '2021-11-19 00:00:00.000000', NULL, NULL, NULL),
(401, 'Loretta Liggins', '242-363-5686', '25926 Sutteridge Junction', 'lligginsb4', '2022-03-19', '2021-06-26 00:00:00.000000', NULL, NULL, NULL),
(402, 'Lissi Leonarde', '482-645-0841', '766 Nevada Court', 'lleonardeb5', '2022-05-23', '2022-05-19 00:00:00.000000', NULL, NULL, NULL),
(403, 'Stephen Gresswood', '920-331-2938', '15 Artisan Point', 'sgresswoodb6', '2021-09-22', '2021-09-18 00:00:00.000000', NULL, NULL, NULL),
(404, 'Raddy Clymo', '609-323-0036', '04121 Clarendon Center', 'rclymob7', '2021-08-14', '2022-02-06 00:00:00.000000', NULL, NULL, NULL),
(405, 'Phillip Glasper', '520-914-3930', '40892 Starling Alley', 'pglasperb8', '2021-08-20', '2022-05-04 00:00:00.000000', NULL, NULL, NULL),
(406, 'Basil Waddy', '588-431-6024', '461 Toban Trail', 'bwaddyb9', '2022-01-04', '2021-10-18 00:00:00.000000', NULL, NULL, NULL),
(407, 'Alfred Thomann', '356-429-6464', '2 Memorial Alley', 'athomannba', '2021-07-10', '2022-05-12 00:00:00.000000', NULL, NULL, NULL),
(408, 'Micheil Raspel', '268-970-0504', '8 Del Mar Circle', 'mraspelbb', '2022-02-22', '2021-07-14 00:00:00.000000', NULL, NULL, NULL),
(409, 'Taylor Huckstepp', '983-632-3674', '178 Nelson Street', 'thucksteppbc', '2021-08-28', '2022-05-02 00:00:00.000000', NULL, NULL, NULL),
(410, 'Vic Ewence', '689-445-9025', '759 Portage Hill', 'vewencebd', '2022-04-06', '2022-04-21 00:00:00.000000', NULL, NULL, NULL),
(411, 'Giusto Poundford', '479-944-6084', '9816 South Circle', 'gpoundfordbe', '2021-12-24', '2021-09-24 00:00:00.000000', NULL, NULL, NULL),
(412, 'Kelly Mowday', '717-481-1181', '46999 Pond Way', 'kmowdaybf', '2021-11-21', '2022-06-08 00:00:00.000000', NULL, NULL, NULL),
(413, 'Olimpia Grunwall', '271-849-6958', '4 Jenna Circle', 'ogrunwallbg', '2021-09-15', '2021-06-29 00:00:00.000000', NULL, NULL, NULL),
(414, 'Lars Gouldstraw', '367-193-9486', '674 Sundown Street', 'lgouldstrawbh', '2021-12-11', '2021-12-17 00:00:00.000000', NULL, NULL, NULL),
(415, 'Stace Dibley', '586-160-3761', '6163 Dwight Center', 'sdibleybi', '2021-08-26', '2022-06-06 00:00:00.000000', NULL, NULL, NULL),
(416, 'Axe Skurm', '208-677-8316', '2 Reindahl Plaza', 'askurmbj', '2022-02-27', '2021-10-24 00:00:00.000000', NULL, NULL, NULL),
(417, 'Ethelyn McMickan', '535-122-6269', '27604 Gerald Parkway', 'emcmickanbk', '2021-08-09', '2022-01-31 00:00:00.000000', NULL, NULL, NULL),
(418, 'Cariotta Golder', '116-147-0444', '4516 Kedzie Center', 'cgolderbl', '2022-06-02', '2022-03-03 00:00:00.000000', NULL, NULL, NULL),
(419, 'Ad Ollie', '706-475-1275', '43 Park Meadow Road', 'aolliebm', '2021-09-23', '2021-08-21 00:00:00.000000', NULL, NULL, NULL),
(420, 'Jilli Garey', '666-778-2130', '6598 Gulseth Pass', 'jgareybn', '2021-10-10', '2022-04-17 00:00:00.000000', NULL, NULL, NULL),
(421, 'Gabby Whitebrook', '439-722-0537', '1922 Commercial Terrace', 'gwhitebrookbo', '2021-08-21', '2022-03-19 00:00:00.000000', NULL, NULL, NULL),
(422, 'Tobie Holdall', '133-169-7530', '3 Laurel Avenue', 'tholdallbp', '2021-08-24', '2022-05-30 00:00:00.000000', NULL, NULL, NULL),
(423, 'Pepe Dudenie', '535-930-0102', '76 Gateway Parkway', 'pdudeniebq', '2021-06-14', '2021-11-19 00:00:00.000000', NULL, NULL, NULL),
(424, 'Temp Sandilands', '182-907-4481', '26 John Wall Plaza', 'tsandilandsbr', '2021-08-01', '2021-12-13 00:00:00.000000', NULL, NULL, NULL),
(425, 'Meryl Umpleby', '321-459-6845', '91 Shelley Trail', 'mumplebybs', '2021-09-18', '2022-03-18 00:00:00.000000', NULL, NULL, NULL),
(426, 'Aarika Loding', '470-602-2827', '3992 Wayridge Alley', 'alodingbt', '2021-11-04', '2021-12-03 00:00:00.000000', NULL, NULL, NULL),
(427, 'Aile Gage', '612-855-9556', '875 Dunning Road', 'agagebu', '2021-10-05', '2022-04-13 00:00:00.000000', NULL, NULL, NULL),
(428, 'Thedric Verey', '277-954-0925', '41023 Service Junction', 'tvereybv', '2021-12-14', '2021-10-02 00:00:00.000000', NULL, NULL, NULL),
(429, 'Oona Cornilleau', '405-356-6709', '77 Ridgeway Pass', 'ocornilleaubw', '2021-07-01', '2022-04-04 00:00:00.000000', NULL, NULL, NULL),
(430, 'Whitby Creese', '454-741-8324', '797 Knutson Point', 'wcreesebx', '2021-06-29', '2021-09-28 00:00:00.000000', NULL, NULL, NULL),
(431, 'Gussi Fawdrie', '500-836-6186', '6 Kenwood Lane', 'gfawdrieby', '2021-08-04', '2022-02-15 00:00:00.000000', NULL, NULL, NULL),
(432, 'Lian Ricoald', '513-553-2002', '96 Hansons Hill', 'lricoaldbz', '2021-12-03', '2022-04-21 00:00:00.000000', NULL, NULL, NULL),
(433, 'Nevsa Derr', '726-520-8935', '13 Butterfield Trail', 'nderrc0', '2022-01-19', '2021-09-12 00:00:00.000000', NULL, NULL, NULL),
(434, 'Luca Steeden', '600-198-8354', '37289 Golf Crossing', 'lsteedenc1', '2022-03-14', '2021-12-14 00:00:00.000000', NULL, NULL, NULL),
(435, 'Hakeem Liddell', '232-959-9224', '99 Maple Point', 'hliddellc2', '2021-08-06', '2021-07-13 00:00:00.000000', NULL, NULL, NULL),
(436, 'Siward Goldes', '935-425-8400', '784 Scoville Crossing', 'sgoldesc3', '2022-03-05', '2022-04-25 00:00:00.000000', NULL, NULL, NULL),
(437, 'Staci Bernardelli', '261-392-1819', '6730 Pankratz Park', 'sbernardellic4', '2022-04-08', '2022-05-07 00:00:00.000000', NULL, NULL, NULL),
(438, 'Bartholomeus Syms', '547-362-7282', '4022 Bayside Alley', 'bsymsc5', '2022-02-13', '2021-09-07 00:00:00.000000', NULL, NULL, NULL),
(439, 'Pietro Eton', '561-205-0850', '03 Meadow Vale Way', 'petonc6', '2022-05-03', '2022-01-24 00:00:00.000000', NULL, NULL, NULL),
(440, 'Elias Kilbride', '778-567-2284', '75903 Clyde Gallagher Parkway', 'ekilbridec7', '2022-04-13', '2022-05-14 00:00:00.000000', NULL, NULL, NULL),
(441, 'Tristam Danton', '629-400-1655', '90 Lakeland Crossing', 'tdantonc8', '2022-05-10', '2022-02-06 00:00:00.000000', NULL, NULL, NULL),
(442, 'Morly Denisyuk', '900-410-6565', '39 Little Fleur Parkway', 'mdenisyukc9', '2022-01-14', '2022-05-21 00:00:00.000000', NULL, NULL, NULL),
(443, 'Anthia Koop', '393-639-4861', '111 Hermina Lane', 'akoopca', '2021-07-29', '2021-07-12 00:00:00.000000', NULL, NULL, NULL),
(444, 'Chalmers Pavlenko', '898-889-4524', '7 Huxley Drive', 'cpavlenkocb', '2021-12-18', '2022-01-21 00:00:00.000000', NULL, NULL, NULL),
(445, 'Cazzie Villar', '871-943-8499', '563 Lyons Junction', 'cvillarcc', '2021-08-16', '2022-01-12 00:00:00.000000', NULL, NULL, NULL),
(446, 'Shoshanna Kenson', '832-602-4426', '40970 Springview Pass', 'skensoncd', '2021-12-02', '2022-06-08 00:00:00.000000', NULL, NULL, NULL),
(447, 'Titus Lief', '623-518-7402', '7073 Dawn Street', 'tliefce', '2022-02-08', '2022-05-15 00:00:00.000000', NULL, NULL, NULL),
(448, 'Clarey Rheubottom', '355-494-8808', '19534 Green Center', 'crheubottomcf', '2021-10-15', '2022-05-16 00:00:00.000000', NULL, NULL, NULL),
(449, 'Joane McKitterick', '536-685-6331', '90464 Blue Bill Park Alley', 'jmckitterickcg', '2021-07-22', '2022-03-30 00:00:00.000000', NULL, NULL, NULL),
(450, 'Hebert Hackleton', '203-344-4960', '25 Ridge Oak Way', 'hhackletonch', '2022-02-07', '2021-08-03 00:00:00.000000', NULL, NULL, NULL),
(451, 'Welbie Saw', '235-369-7041', '52 Farmco Avenue', 'wsawci', '2022-05-28', '2021-07-09 00:00:00.000000', NULL, NULL, NULL),
(452, 'Kris Blakiston', '474-750-0756', '61 Corben Center', 'kblakistoncj', '2022-02-21', '2022-05-28 00:00:00.000000', NULL, NULL, NULL),
(453, 'Daryl Sambals', '913-373-2588', '72 Monica Lane', 'dsambalsck', '2021-12-21', '2021-09-12 00:00:00.000000', NULL, NULL, NULL),
(454, 'Yolanda Sclanders', '914-732-9077', '19340 Esch Hill', 'ysclanderscl', '2021-07-15', '2021-08-01 00:00:00.000000', NULL, NULL, NULL),
(455, 'Lee Derks', '326-967-6329', '80750 Straubel Parkway', 'lderkscm', '2021-11-16', '2022-03-08 00:00:00.000000', NULL, NULL, NULL),
(456, 'Seward Verlinden', '945-506-4790', '354 Toban Point', 'sverlindencn', '2022-03-09', '2021-06-25 00:00:00.000000', NULL, NULL, NULL),
(457, 'Jolyn Lindenberg', '447-223-1305', '4075 David Junction', 'jlindenbergco', '2021-10-21', '2021-08-17 00:00:00.000000', NULL, NULL, NULL),
(458, 'Hartwell Manning', '977-131-2276', '80 Brickson Park Trail', 'hmanningcp', '2021-09-15', '2021-06-27 00:00:00.000000', NULL, NULL, NULL),
(459, 'Shell Monteath', '487-801-9168', '85 Green Ridge Center', 'smonteathcq', '2021-07-19', '2021-09-09 00:00:00.000000', NULL, NULL, NULL),
(460, 'Bridget Hewins', '674-848-1760', '00892 Lakewood Alley', 'bhewinscr', '2021-08-19', '2021-07-30 00:00:00.000000', NULL, NULL, NULL),
(461, 'Margot Mullis', '223-498-7201', '6 Cody Court', 'mmulliscs', '2022-04-17', '2021-11-29 00:00:00.000000', NULL, NULL, NULL),
(462, 'Rivkah Parmby', '852-739-6524', '42 Corscot Avenue', 'rparmbyct', '2022-03-21', '2021-11-18 00:00:00.000000', NULL, NULL, NULL),
(463, 'Anstice Northam', '593-726-2928', '0 Roxbury Trail', 'anorthamcu', '2022-05-28', '2021-08-11 00:00:00.000000', NULL, NULL, NULL),
(464, 'Alfreda Labone', '471-985-2949', '2757 Mcguire Junction', 'alabonecv', '2021-12-23', '2022-03-19 00:00:00.000000', NULL, NULL, NULL),
(465, 'Inesita Brinsden', '361-889-6221', '40343 Blackbird Junction', 'ibrinsdencw', '2022-06-08', '2022-01-03 00:00:00.000000', NULL, NULL, NULL),
(466, 'Jaimie Pritchett', '500-383-5135', '1314 Corry Plaza', 'jpritchettcx', '2021-07-12', '2022-03-12 00:00:00.000000', NULL, NULL, NULL),
(467, 'Cori Tsarovic', '629-471-2570', '2 Raven Junction', 'ctsaroviccy', '2022-01-25', '2021-09-12 00:00:00.000000', NULL, NULL, NULL),
(468, 'Melba Stark', '915-667-3048', '6354 Kim Avenue', 'mstarkcz', '2022-03-17', '2022-03-03 00:00:00.000000', NULL, NULL, NULL),
(469, 'Cathryn Spittles', '851-383-3291', '65666 Lukken Junction', 'cspittlesd0', '2022-04-03', '2022-05-13 00:00:00.000000', NULL, NULL, NULL),
(470, 'Arch Labuschagne', '629-141-7939', '71300 Reindahl Drive', 'alabuschagned1', '2021-08-19', '2021-06-18 00:00:00.000000', NULL, NULL, NULL),
(471, 'Rose Okie', '473-523-6548', '03 Paget Alley', 'rokied2', '2021-10-22', '2022-01-23 00:00:00.000000', NULL, NULL, NULL),
(472, 'Rafferty Cocci', '730-452-2401', '9 Crest Line Place', 'rcoccid3', '2022-04-05', '2021-07-29 00:00:00.000000', NULL, NULL, NULL),
(473, 'Alexis Cryer', '671-952-4699', '0575 Sheridan Lane', 'acryerd4', '2022-05-09', '2022-03-24 00:00:00.000000', NULL, NULL, NULL),
(474, 'Cherilyn Cutts', '194-572-5779', '78832 Clove Terrace', 'ccuttsd5', '2022-01-02', '2021-10-21 00:00:00.000000', NULL, NULL, NULL),
(475, 'Ly Chell', '343-692-1295', '2 Walton Center', 'lchelld6', '2021-07-05', '2021-08-22 00:00:00.000000', NULL, NULL, NULL),
(476, 'Daren Raff', '506-535-8734', '56295 Kennedy Road', 'draffd7', '2022-05-12', '2022-04-21 00:00:00.000000', NULL, NULL, NULL),
(477, 'Margette Syversen', '387-734-8471', '55 Schlimgen Drive', 'msyversend8', '2022-02-15', '2021-10-02 00:00:00.000000', NULL, NULL, NULL),
(478, 'Boothe Gouldsmith', '470-274-6621', '6 Kennedy Terrace', 'bgouldsmithd9', '2021-07-25', '2022-03-14 00:00:00.000000', NULL, NULL, NULL),
(479, 'Ara Doorly', '715-998-9593', '04 Fair Oaks Lane', 'adoorlyda', '2021-09-07', '2022-06-10 00:00:00.000000', NULL, NULL, NULL),
(480, 'Selma Rickford', '730-684-6937', '5303 Stephen Terrace', 'srickforddb', '2021-09-28', '2022-04-29 00:00:00.000000', NULL, NULL, NULL),
(481, 'Emmy Domesday', '318-397-2708', '5847 Hazelcrest Parkway', 'edomesdaydc', '2022-05-04', '2022-03-30 00:00:00.000000', NULL, NULL, NULL),
(482, 'Bryan Monan', '506-804-7799', '76443 Alpine Crossing', 'bmonandd', '2022-04-02', '2022-04-25 00:00:00.000000', NULL, NULL, NULL),
(483, 'Far Greenless', '561-222-3775', '4678 Montana Drive', 'fgreenlessde', '2021-11-28', '2021-09-20 00:00:00.000000', NULL, NULL, NULL),
(484, 'Alis Wagge', '481-880-6236', '212 Rockefeller Way', 'awaggedf', '2022-03-02', '2021-06-18 00:00:00.000000', NULL, NULL, NULL),
(485, 'Inez Valintine', '460-354-8526', '41 Elmside Junction', 'ivalintinedg', '2022-05-16', '2022-03-05 00:00:00.000000', NULL, NULL, NULL),
(486, 'Riordan Payne', '202-506-7374', '184 Anniversary Circle', 'rpaynedh', '2021-08-31', '2021-06-30 00:00:00.000000', NULL, NULL, NULL),
(487, 'Johnna Lomis', '515-464-3347', '75360 Dakota Terrace', 'jlomisdi', '2021-10-26', '2022-04-19 00:00:00.000000', NULL, NULL, NULL),
(488, 'Celestine Denyakin', '459-886-5165', '557 Little Fleur Hill', 'cdenyakindj', '2022-03-27', '2022-04-19 00:00:00.000000', NULL, NULL, NULL),
(489, 'Neville Uzelli', '850-947-4091', '4 Bayside Junction', 'nuzellidk', '2022-03-01', '2021-12-07 00:00:00.000000', NULL, NULL, NULL),
(490, 'Magdalen Deek', '643-366-3928', '13110 Kingsford Drive', 'mdeekdl', '2022-01-30', '2021-06-17 00:00:00.000000', NULL, NULL, NULL),
(491, 'Briney Fraschini', '695-587-2771', '631 Sugar Park', 'bfraschinidm', '2022-02-12', '2022-02-08 00:00:00.000000', NULL, NULL, NULL),
(492, 'Ezmeralda Rosbotham', '256-837-0080', '8 Jenna Hill', 'erosbothamdn', '2021-12-04', '2021-08-07 00:00:00.000000', NULL, NULL, NULL),
(493, 'Diane Lownie', '772-841-9229', '77 Gina Circle', 'dlowniedo', '2022-05-03', '2021-08-26 00:00:00.000000', NULL, NULL, NULL),
(494, 'Read Smallsman', '164-335-4375', '56 Trailsway Alley', 'rsmallsmandp', '2022-04-27', '2022-03-27 00:00:00.000000', NULL, NULL, NULL),
(495, 'Corena Allsup', '658-722-1288', '123 Warner Plaza', 'callsupdq', '2022-03-14', '2021-07-02 00:00:00.000000', NULL, NULL, NULL),
(496, 'Nappie Strangeways', '626-583-1625', '72 Prairie Rose Hill', 'nstrangewaysdr', '2022-04-22', '2022-06-06 00:00:00.000000', NULL, NULL, NULL),
(497, 'Fanni Mosby', '533-860-6746', '25037 Lillian Place', 'fmosbyds', '2021-08-18', '2021-09-27 00:00:00.000000', NULL, NULL, NULL),
(498, 'Oriana Kleinert', '621-249-2239', '6996 8th Road', 'okleinertdt', '2021-06-17', '2021-07-03 00:00:00.000000', NULL, NULL, NULL),
(499, 'Craggie Oxteby', '691-336-7054', '95066 Village Green Court', 'coxtebydu', '2022-01-15', '2021-06-12 00:00:00.000000', NULL, NULL, NULL),
(500, 'Guenevere Reolfo', '999-626-2130', '631 Texas Pass', 'greolfodv', '2022-06-11', '2021-09-24 00:00:00.000000', NULL, NULL, NULL),
(501, 'Dicky Hughesdon', '349-813-5502', '1 Elmside Way', 'dhughesdondw', '2022-01-04', '2021-08-14 00:00:00.000000', NULL, NULL, NULL),
(502, 'Quintina Barns', '326-392-6175', '9 Shopko Pass', 'qbarnsdx', '2022-01-06', '2021-07-29 00:00:00.000000', NULL, NULL, NULL),
(503, 'Novelia Brafield', '300-349-6714', '110 East Place', 'nbrafielddy', '2021-07-04', '2021-08-26 00:00:00.000000', NULL, NULL, NULL),
(504, 'Kathryne Fritschmann', '825-318-5453', '44 Waubesa Trail', 'kfritschmanndz', '2021-11-08', '2022-05-13 00:00:00.000000', NULL, NULL, NULL),
(505, 'Ewen Fowle', '397-613-2921', '003 Petterle Trail', 'efowlee0', '2022-01-18', '2022-04-04 00:00:00.000000', NULL, NULL, NULL),
(506, 'Sterne McCutcheon', '209-272-8090', '32656 Butterfield Terrace', 'smccutcheone1', '2021-12-17', '2021-08-04 00:00:00.000000', NULL, NULL, NULL),
(507, 'Cairistiona Emanuel', '159-808-1480', '63 Dawn Place', 'cemanuele2', '2022-03-10', '2021-11-15 00:00:00.000000', NULL, NULL, NULL),
(508, 'Geri Leonards', '148-796-8257', '41 Basil Junction', 'gleonardse3', '2022-02-19', '2022-03-22 00:00:00.000000', NULL, NULL, NULL),
(509, 'Carita Telford', '126-932-2727', '930 Reinke Plaza', 'ctelforde4', '2022-02-15', '2021-12-29 00:00:00.000000', NULL, NULL, NULL),
(510, 'Daile Gabbidon', '980-178-6900', '6247 Fisk Center', 'dgabbidone5', '2021-11-11', '2021-12-01 00:00:00.000000', NULL, NULL, NULL),
(511, 'Patrice Zeal', '187-134-5279', '68518 Green Point', 'pzeale6', '2022-05-05', '2021-10-03 00:00:00.000000', NULL, NULL, NULL),
(512, 'Chariot Baish', '679-171-8846', '9 Hollow Ridge Place', 'cbaishe7', '2022-03-26', '2021-09-20 00:00:00.000000', NULL, NULL, NULL),
(513, 'Sheree Greenin', '262-604-2662', '1004 Pennsylvania Lane', 'sgreenine8', '2021-06-17', '2021-11-14 00:00:00.000000', NULL, NULL, NULL),
(514, 'Olvan Shubotham', '199-895-4320', '4 Dwight Hill', 'oshubothame9', '2022-03-28', '2022-01-25 00:00:00.000000', NULL, NULL, NULL),
(515, 'Tammie Tames', '492-450-9891', '697 8th Lane', 'ttamesea', '2021-11-15', '2022-02-19 00:00:00.000000', NULL, NULL, NULL),
(516, 'Aime Kiehl', '246-649-8003', '1 Elmside Street', 'akiehleb', '2021-11-11', '2021-08-23 00:00:00.000000', NULL, NULL, NULL),
(517, 'Mauricio Smieton', '326-666-7093', '4584 Bayside Circle', 'msmietonec', '2021-08-10', '2021-11-27 00:00:00.000000', NULL, NULL, NULL),
(518, 'Opalina Extance', '886-103-3130', '9273 Hoepker Circle', 'oextanceed', '2022-05-13', '2022-02-14 00:00:00.000000', NULL, NULL, NULL),
(519, 'Isadora Danaher', '601-974-4388', '58 Cordelia Avenue', 'idanaheree', '2021-12-20', '2022-02-06 00:00:00.000000', NULL, NULL, NULL),
(520, 'June Corish', '378-983-6522', '46255 Memorial Way', 'jcorishef', '2022-03-17', '2022-05-19 00:00:00.000000', NULL, NULL, NULL),
(521, 'Anjela Doogood', '257-344-7623', '48734 Nancy Lane', 'adoogoodeg', '2021-11-06', '2022-03-18 00:00:00.000000', NULL, NULL, NULL),
(522, 'Nani Kingsbury', '874-191-0773', '01 Dahle Place', 'nkingsburyeh', '2022-05-05', '2022-02-21 00:00:00.000000', NULL, NULL, NULL),
(523, 'Christian Pieterick', '526-797-9910', '85350 Dapin Avenue', 'cpieterickei', '2021-06-28', '2021-10-11 00:00:00.000000', NULL, NULL, NULL),
(524, 'Winifred Myall', '919-697-3774', '805 Oxford Park', 'wmyallej', '2021-11-28', '2021-08-10 00:00:00.000000', NULL, NULL, NULL),
(525, 'Vernice Asher', '451-628-9381', '6 Myrtle Drive', 'vasherek', '2021-12-30', '2021-12-22 00:00:00.000000', NULL, NULL, NULL),
(526, 'Shela Jaeggi', '142-353-6733', '76 Sullivan Hill', 'sjaeggiel', '2021-06-12', '2022-01-19 00:00:00.000000', NULL, NULL, NULL),
(527, 'Yankee Iacobo', '710-637-3151', '7578 Farwell Drive', 'yiacoboem', '2021-10-22', '2022-04-19 00:00:00.000000', NULL, NULL, NULL),
(528, 'Nickola Peatt', '192-601-5127', '6 Independence Crossing', 'npeatten', '2022-03-19', '2022-02-11 00:00:00.000000', NULL, NULL, NULL),
(529, 'Eugenio Tattam', '201-936-0574', '39 Barby Trail', 'etattameo', '2021-08-21', '2021-07-10 00:00:00.000000', NULL, NULL, NULL),
(530, 'Pennie Hovel', '807-144-1944', '967 Bluestem Hill', 'phovelep', '2021-11-16', '2021-08-23 00:00:00.000000', NULL, NULL, NULL),
(531, 'Darbee Ney', '867-798-9708', '3649 Kingsford Hill', 'dneyeq', '2022-01-29', '2021-10-22 00:00:00.000000', NULL, NULL, NULL),
(532, 'Susannah Clink', '614-495-6350', '773 Moose Point', 'sclinker', '2022-02-19', '2021-07-06 00:00:00.000000', NULL, NULL, NULL),
(533, 'Wade Derwin', '714-902-9174', '9 Banding Place', 'wderwines', '2021-11-30', '2021-07-10 00:00:00.000000', NULL, NULL, NULL),
(534, 'Amble Hazley', '711-608-3330', '46572 Mayer Road', 'ahazleyet', '2021-10-16', '2022-04-10 00:00:00.000000', NULL, NULL, NULL),
(535, 'Catlin Ableson', '237-361-1822', '77323 Vernon Parkway', 'cablesoneu', '2021-09-18', '2022-02-15 00:00:00.000000', NULL, NULL, NULL),
(536, 'Tasha Campa', '646-740-9689', '3305 Hanson Crossing', 'tcampaev', '2022-04-29', '2022-04-12 00:00:00.000000', NULL, NULL, NULL),
(537, 'Gerome Pyke', '583-212-9888', '3862 Lerdahl Crossing', 'gpykeew', '2022-02-18', '2022-05-01 00:00:00.000000', NULL, NULL, NULL),
(538, 'Brandi Penquet', '628-787-9863', '8 Oxford Court', 'bpenquetex', '2022-01-18', '2021-12-23 00:00:00.000000', NULL, NULL, NULL),
(539, 'Boony Formie', '791-233-4040', '45 Center Parkway', 'bformieey', '2021-09-21', '2021-09-13 00:00:00.000000', NULL, NULL, NULL),
(540, 'Debbi Shade', '373-644-6824', '123 Johnson Plaza', 'dshadeez', '2022-01-16', '2022-06-10 00:00:00.000000', NULL, NULL, NULL),
(541, 'Amelita Bernhardsson', '720-463-8910', '7533 Vernon Alley', 'abernhardssonf0', '2022-01-06', '2022-01-23 00:00:00.000000', NULL, NULL, NULL),
(542, 'Colan Grinyov', '586-520-0771', '14 Buhler Court', 'cgrinyovf1', '2022-04-17', '2022-04-23 00:00:00.000000', NULL, NULL, NULL),
(543, 'Sofia Marchington', '144-426-6692', '8 Tennessee Plaza', 'smarchingtonf2', '2022-06-04', '2021-09-30 00:00:00.000000', NULL, NULL, NULL),
(544, 'Remus Petrosian', '527-753-1415', '005 Hermina Court', 'rpetrosianf3', '2021-09-15', '2022-01-15 00:00:00.000000', NULL, NULL, NULL),
(545, 'Janeen Sambrook', '536-708-1844', '72 Heath Circle', 'jsambrookf4', '2022-03-22', '2022-02-23 00:00:00.000000', NULL, NULL, NULL),
(546, 'Daryle Ions', '568-274-2008', '900 Scofield Lane', 'dionsf5', '2021-07-10', '2021-07-15 00:00:00.000000', NULL, NULL, NULL),
(547, 'Lianne Mumbey', '191-462-0389', '685 Welch Lane', 'lmumbeyf6', '2022-03-09', '2022-05-29 00:00:00.000000', NULL, NULL, NULL),
(548, 'Nico Lagden', '387-679-6680', '915 Sauthoff Road', 'nlagdenf7', '2021-07-21', '2021-09-10 00:00:00.000000', NULL, NULL, NULL),
(549, 'Riannon Ravenhill', '344-620-3215', '551 Merrick Drive', 'rravenhillf8', '2022-06-07', '2021-06-13 00:00:00.000000', NULL, NULL, NULL),
(550, 'Sherwynd Kreutzer', '671-933-4897', '236 Commercial Drive', 'skreutzerf9', '2022-03-24', '2021-11-14 00:00:00.000000', NULL, NULL, NULL),
(551, 'Tobe MacGillavery', '937-378-5209', '54 Hovde Park', 'tmacgillaveryfa', '2022-05-10', '2021-10-08 00:00:00.000000', NULL, NULL, NULL),
(552, 'Valida Clarke', '904-380-1349', '7 Orin Center', 'vclarkefb', '2021-10-15', '2021-08-27 00:00:00.000000', NULL, NULL, NULL),
(553, 'Karlie Sterzaker', '155-720-1985', '34787 8th Crossing', 'ksterzakerfc', '2022-03-16', '2021-10-09 00:00:00.000000', NULL, NULL, NULL),
(554, 'Giordano Constant', '724-547-1124', '4 Hanson Avenue', 'gconstantfd', '2021-09-06', '2021-12-10 00:00:00.000000', NULL, NULL, NULL),
(555, 'Avie Ollivier', '745-675-5277', '9027 Petterle Plaza', 'aollivierfe', '2021-12-24', '2022-05-20 00:00:00.000000', NULL, NULL, NULL),
(556, 'Georgina Madison', '453-422-0130', '84818 Talisman Hill', 'gmadisonff', '2021-08-18', '2022-04-08 00:00:00.000000', NULL, NULL, NULL),
(557, 'Moria Shafier', '950-780-3014', '800 Huxley Drive', 'mshafierfg', '2021-10-10', '2022-05-17 00:00:00.000000', NULL, NULL, NULL),
(558, 'Annabella Packwood', '704-475-2569', '1 Mccormick Lane', 'apackwoodfh', '2022-04-22', '2021-08-29 00:00:00.000000', NULL, NULL, NULL),
(559, 'Guntar Culp', '834-247-0332', '0285 Shasta Hill', 'gculpfi', '2022-01-13', '2022-02-04 00:00:00.000000', NULL, NULL, NULL),
(560, 'Benny Ludford', '910-410-5463', '01 Manitowish Alley', 'bludfordfj', '2021-06-13', '2022-03-26 00:00:00.000000', NULL, NULL, NULL),
(561, 'Cordi Ciccottini', '782-939-7937', '330 4th Parkway', 'cciccottinifk', '2022-05-04', '2021-10-09 00:00:00.000000', NULL, NULL, NULL),
(562, 'Savina Rouby', '428-166-4533', '94 American Ash Center', 'sroubyfl', '2022-05-26', '2022-06-03 00:00:00.000000', NULL, NULL, NULL),
(563, 'Jennine Dudding', '573-739-8257', '0963 Eagle Crest Place', 'jduddingfm', '2022-04-26', '2021-12-14 00:00:00.000000', NULL, NULL, NULL),
(564, 'Sam Holhouse', '288-437-3995', '43 Pepper Wood Center', 'sholhousefn', '2022-05-26', '2022-02-28 00:00:00.000000', NULL, NULL, NULL),
(565, 'Norrie Polye', '176-898-9443', '5216 Northfield Junction', 'npolyefo', '2021-06-25', '2022-01-14 00:00:00.000000', NULL, NULL, NULL),
(566, 'Noble Nealy', '363-337-7909', '7 Jenna Hill', 'nnealyfp', '2021-08-24', '2022-02-07 00:00:00.000000', NULL, NULL, NULL),
(567, 'Rebecca Seeks', '598-332-3358', '56 Bluestem Pass', 'rseeksfq', '2022-02-06', '2021-06-23 00:00:00.000000', NULL, NULL, NULL),
(568, 'Horace Lodder', '973-292-8925', '1648 American Ash Crossing', 'hlodderfr', '2022-04-20', '2022-01-18 00:00:00.000000', NULL, NULL, NULL),
(569, 'Allegra Silson', '936-853-3720', '715 Loeprich Circle', 'asilsonfs', '2021-08-30', '2022-05-01 00:00:00.000000', NULL, NULL, NULL),
(570, 'Waly Farrey', '505-952-6778', '171 Kenwood Circle', 'wfarreyft', '2022-04-22', '2021-09-14 00:00:00.000000', NULL, NULL, NULL),
(571, 'Scotti Kainz', '762-364-2956', '4 Eastwood Way', 'skainzfu', '2022-02-04', '2022-04-17 00:00:00.000000', NULL, NULL, NULL),
(572, 'Khalil De Morena', '326-139-7192', '12602 Havey Trail', 'kdefv', '2021-10-11', '2021-10-11 00:00:00.000000', NULL, NULL, NULL),
(573, 'Lynett Higgoe', '829-740-7880', '97115 Larry Center', 'lhiggoefw', '2022-06-02', '2021-06-30 00:00:00.000000', NULL, NULL, NULL),
(574, 'Sarajane Corley', '496-956-2499', '56738 Drewry Drive', 'scorleyfx', '2021-10-04', '2021-10-09 00:00:00.000000', NULL, NULL, NULL),
(575, 'Marcela Fellibrand', '916-793-5601', '17 Schmedeman Terrace', 'mfellibrandfy', '2022-05-30', '2021-10-02 00:00:00.000000', NULL, NULL, NULL),
(576, 'Chrissy Damrell', '627-984-8915', '83226 Carberry Plaza', 'cdamrellfz', '2021-07-11', '2022-01-27 00:00:00.000000', NULL, NULL, NULL),
(577, 'Andi McFeate', '885-774-0328', '19135 Lakeland Street', 'amcfeateg0', '2022-03-29', '2022-01-13 00:00:00.000000', NULL, NULL, NULL),
(578, 'Eve Pleace', '562-152-9627', '651 Katie Lane', 'epleaceg1', '2021-07-31', '2022-02-08 00:00:00.000000', NULL, NULL, NULL),
(579, 'Jaynell Klement', '683-379-3927', '92016 Union Avenue', 'jklementg2', '2022-02-26', '2021-09-18 00:00:00.000000', NULL, NULL, NULL),
(580, 'Francois Lunt', '505-932-0812', '6087 Mcbride Plaza', 'fluntg3', '2021-07-10', '2021-07-01 00:00:00.000000', NULL, NULL, NULL),
(581, 'Robin Mease', '330-627-4170', '58677 Judy Pass', 'rmeaseg4', '2021-07-13', '2021-08-27 00:00:00.000000', NULL, NULL, NULL),
(582, 'Devin Posen', '167-817-4421', '6327 Fairfield Way', 'dposeng5', '2021-10-30', '2021-07-05 00:00:00.000000', NULL, NULL, NULL),
(583, 'Cam Spondley', '584-653-4422', '482 Stang Way', 'cspondleyg6', '2022-02-10', '2022-03-31 00:00:00.000000', NULL, NULL, NULL),
(584, 'Carie Prevett', '669-211-1343', '209 Talmadge Center', 'cprevettg7', '2021-07-18', '2021-09-13 00:00:00.000000', NULL, NULL, NULL),
(585, 'Bibbye Bysh', '422-819-0394', '3 Union Avenue', 'bbyshg8', '2022-06-07', '2021-09-14 00:00:00.000000', NULL, NULL, NULL),
(586, 'Jade Sandhill', '804-245-6447', '2007 Scoville Way', 'jsandhillg9', '2022-03-07', '2022-03-03 00:00:00.000000', NULL, NULL, NULL),
(587, 'Kaspar Wanklyn', '962-166-5027', '24228 Shoshone Drive', 'kwanklynga', '2021-12-23', '2022-02-03 00:00:00.000000', NULL, NULL, NULL),
(588, 'Lurline Fairbourn', '192-621-7946', '135 Fallview Point', 'lfairbourngb', '2022-02-04', '2021-12-07 00:00:00.000000', NULL, NULL, NULL),
(589, 'D\'arcy Kenward', '697-916-9023', '9679 Lyons Alley', 'dkenwardgc', '2022-02-17', '2021-06-19 00:00:00.000000', NULL, NULL, NULL),
(590, 'Leia Bazoche', '511-365-7578', '86 Tennessee Park', 'lbazochegd', '2022-02-08', '2021-10-25 00:00:00.000000', NULL, NULL, NULL),
(591, 'Benito Ralestone', '976-122-2094', '95 Colorado Street', 'bralestonege', '2021-09-27', '2021-08-30 00:00:00.000000', NULL, NULL, NULL),
(592, 'Karlan Binham', '977-900-1031', '85 Westerfield Way', 'kbinhamgf', '2021-07-06', '2022-04-07 00:00:00.000000', NULL, NULL, NULL),
(593, 'Tiffany Lannon', '227-191-4672', '5919 Laurel Center', 'tlannongg', '2021-08-11', '2021-08-02 00:00:00.000000', NULL, NULL, NULL),
(594, 'Lauree Baistow', '393-711-2602', '35 Spaight Park', 'lbaistowgh', '2021-09-27', '2022-04-19 00:00:00.000000', NULL, NULL, NULL),
(595, 'Min Napoleone', '882-642-7380', '55 Jackson Street', 'mnapoleonegi', '2021-10-01', '2021-08-26 00:00:00.000000', NULL, NULL, NULL),
(596, 'Esther Husband', '381-727-8323', '091 Farragut Avenue', 'ehusbandgj', '2021-10-22', '2022-02-10 00:00:00.000000', NULL, NULL, NULL),
(597, 'Rancell Delmonti', '259-349-9020', '2829 Troy Place', 'rdelmontigk', '2021-08-05', '2022-04-24 00:00:00.000000', NULL, NULL, NULL),
(598, 'Natala Devonish', '274-815-3465', '89387 Carpenter Hill', 'ndevonishgl', '2021-08-18', '2022-03-25 00:00:00.000000', NULL, NULL, NULL),
(599, 'Hildegarde Verrechia', '876-895-6015', '55231 Debra Drive', 'hverrechiagm', '2021-07-08', '2022-02-02 00:00:00.000000', NULL, NULL, NULL),
(600, 'Marylinda Gethins', '833-655-3270', '458 Thompson Center', 'mgethinsgn', '2021-11-17', '2021-09-06 00:00:00.000000', NULL, NULL, NULL),
(601, 'Peterus Turpey', '555-619-0367', '3635 Pepper Wood Point', 'pturpeygo', '2021-10-23', '2021-06-25 00:00:00.000000', NULL, NULL, NULL),
(602, 'Lauree Gladdin', '595-521-3283', '2 Susan Place', 'lgladdingp', '2021-08-22', '2021-10-23 00:00:00.000000', NULL, NULL, NULL),
(603, 'Reagen Oxburgh', '454-267-4232', '2121 Farragut Hill', 'roxburghgq', '2021-07-07', '2022-04-01 00:00:00.000000', NULL, NULL, NULL),
(604, 'Sheilah Beddow', '341-157-2332', '73792 Pawling Park', 'sbeddowgr', '2021-08-10', '2021-08-07 00:00:00.000000', NULL, NULL, NULL),
(605, 'Bryce Libbie', '847-411-9647', '5123 Sage Trail', 'blibbiegs', '2022-02-12', '2021-06-21 00:00:00.000000', NULL, NULL, NULL),
(606, 'Pauly Lamerton', '101-184-6326', '41651 Portage Way', 'plamertongt', '2022-01-01', '2021-12-17 00:00:00.000000', NULL, NULL, NULL),
(607, 'Conchita Troke', '353-279-9867', '5469 Lakewood Gardens Point', 'ctrokegu', '2021-07-02', '2021-10-03 00:00:00.000000', NULL, NULL, NULL),
(608, 'Ranique Greste', '989-266-0371', '89140 Randy Park', 'rgrestegv', '2022-01-21', '2022-03-27 00:00:00.000000', NULL, NULL, NULL),
(609, 'Rob Lount', '280-965-3530', '4642 Coolidge Street', 'rlountgw', '2021-08-03', '2021-12-05 00:00:00.000000', NULL, NULL, NULL),
(610, 'Prisca Longmate', '707-960-4366', '190 Doe Crossing Drive', 'plongmategx', '2022-01-12', '2021-08-07 00:00:00.000000', NULL, NULL, NULL),
(611, 'Mommy Stribbling', '466-913-3500', '91 Shasta Avenue', 'mstribblinggy', '2022-01-23', '2022-03-29 00:00:00.000000', NULL, NULL, NULL),
(612, 'Fowler Niche', '483-990-7999', '0 Summit Center', 'fnichegz', '2022-02-06', '2021-07-15 00:00:00.000000', NULL, NULL, NULL),
(613, 'Chaunce Rameaux', '598-452-6624', '2855 Linden Parkway', 'crameauxh0', '2021-08-13', '2021-07-07 00:00:00.000000', NULL, NULL, NULL),
(614, 'Earle Treacher', '282-599-0104', '034 Melody Trail', 'etreacherh1', '2021-08-16', '2021-10-02 00:00:00.000000', NULL, NULL, NULL),
(615, 'Tore Tripney', '528-343-1816', '4 Lighthouse Bay Hill', 'ttripneyh2', '2021-09-25', '2021-09-05 00:00:00.000000', NULL, NULL, NULL),
(616, 'Merline Harston', '935-128-6204', '845 Hovde Terrace', 'mharstonh3', '2022-01-13', '2021-11-11 00:00:00.000000', NULL, NULL, NULL),
(617, 'Domingo Folshom', '916-889-7710', '227 Truax Crossing', 'dfolshomh4', '2021-09-27', '2022-03-31 00:00:00.000000', NULL, NULL, NULL),
(618, 'Hugues Cogswell', '155-509-6800', '958 Rusk Center', 'hcogswellh5', '2022-04-15', '2022-02-20 00:00:00.000000', NULL, NULL, NULL),
(619, 'Elsworth Cicerone', '350-180-0980', '46 Roth Point', 'eciceroneh6', '2022-03-01', '2021-07-03 00:00:00.000000', NULL, NULL, NULL),
(620, 'Jenica Boughtflower', '630-637-9225', '97 Towne Hill', 'jboughtflowerh7', '2021-12-01', '2022-02-07 00:00:00.000000', NULL, NULL, NULL),
(621, 'Buddy Shepley', '262-867-8694', '3 Warbler Court', 'bshepleyh8', '2021-12-18', '2022-01-02 00:00:00.000000', NULL, NULL, NULL),
(622, 'Vi Kinnerk', '293-219-4224', '604 Bunker Hill Court', 'vkinnerkh9', '2021-07-13', '2021-07-26 00:00:00.000000', NULL, NULL, NULL),
(623, 'Suzy Hessentaler', '362-998-8568', '12697 Kingsford Terrace', 'shessentalerha', '2021-08-19', '2022-03-08 00:00:00.000000', NULL, NULL, NULL),
(624, 'Marcelle Peealess', '556-140-0851', '29 Burning Wood Avenue', 'mpeealesshb', '2022-04-23', '2021-07-16 00:00:00.000000', NULL, NULL, NULL),
(625, 'Melisse Maior', '105-564-0687', '3 Pankratz Drive', 'mmaiorhc', '2022-04-04', '2022-02-18 00:00:00.000000', NULL, NULL, NULL),
(626, 'Tracie Scrooby', '896-194-8971', '3 Westend Plaza', 'tscroobyhd', '2022-05-27', '2022-05-18 00:00:00.000000', NULL, NULL, NULL),
(627, 'Violetta Manby', '664-457-3958', '3 Algoma Parkway', 'vmanbyhe', '2021-07-02', '2021-06-20 00:00:00.000000', NULL, NULL, NULL),
(628, 'Vanessa Roberson', '438-360-8163', '036 Lillian Place', 'vrobersonhf', '2022-06-01', '2022-03-19 00:00:00.000000', NULL, NULL, NULL),
(629, 'Jasper Edy', '658-959-9156', '5941 Manitowish Terrace', 'jedyhg', '2022-01-23', '2022-03-25 00:00:00.000000', NULL, NULL, NULL),
(630, 'Hilde Love', '707-345-0349', '336 Bobwhite Pass', 'hlovehh', '2022-02-03', '2021-09-17 00:00:00.000000', NULL, NULL, NULL),
(631, 'Annette Mager', '341-224-8885', '2 Ohio Street', 'amagerhi', '2021-08-20', '2021-09-20 00:00:00.000000', NULL, NULL, NULL),
(632, 'Timmie Easby', '466-868-2122', '953 Fieldstone Park', 'teasbyhj', '2022-03-23', '2021-06-12 00:00:00.000000', NULL, NULL, NULL),
(633, 'Phil Obispo', '683-575-0319', '919 Dovetail Trail', 'pobispohk', '2022-03-21', '2022-04-13 00:00:00.000000', NULL, NULL, NULL),
(634, 'Katy Colum', '732-596-8054', '76919 Helena Road', 'kcolumhl', '2022-04-25', '2021-08-11 00:00:00.000000', NULL, NULL, NULL),
(635, 'Reidar Martynka', '974-764-8052', '4429 Fieldstone Hill', 'rmartynkahm', '2021-10-27', '2021-11-22 00:00:00.000000', NULL, NULL, NULL),
(636, 'Marylynne Paradin', '250-104-4501', '27 8th Parkway', 'mparadinhn', '2022-03-09', '2022-02-01 00:00:00.000000', NULL, NULL, NULL),
(637, 'Ingeborg Dullingham', '840-399-6892', '66234 Meadow Valley Terrace', 'idullinghamho', '2021-12-29', '2021-12-29 00:00:00.000000', NULL, NULL, NULL),
(638, 'Annice Varvell', '223-587-0470', '772 Scoville Parkway', 'avarvellhp', '2021-10-16', '2022-01-10 00:00:00.000000', NULL, NULL, NULL),
(639, 'Dallon Dron', '319-977-5167', '8021 Cherokee Court', 'ddronhq', '2022-01-05', '2022-02-07 00:00:00.000000', NULL, NULL, NULL),
(640, 'Tonie Brecher', '525-276-4649', '3966 Jenna Drive', 'tbrecherhr', '2021-12-22', '2022-02-03 00:00:00.000000', NULL, NULL, NULL),
(641, 'Mabelle Kenington', '963-593-3397', '1371 Hovde Crossing', 'mkeningtonhs', '2021-07-10', '2021-06-15 00:00:00.000000', NULL, NULL, NULL),
(642, 'Ave Shoorbrooke', '279-903-3395', '612 Stephen Point', 'ashoorbrookeht', '2021-07-24', '2021-11-09 00:00:00.000000', NULL, NULL, NULL),
(643, 'Alard Lockyear', '914-168-4133', '28 Manitowish Park', 'alockyearhu', '2021-08-05', '2021-08-31 00:00:00.000000', NULL, NULL, NULL),
(644, 'Aarika Mathelon', '627-152-3338', '9333 Old Shore Circle', 'amathelonhv', '2022-05-12', '2022-03-23 00:00:00.000000', NULL, NULL, NULL),
(645, 'Leeann Leamon', '554-285-9381', '485 Mariners Cove Alley', 'lleamonhw', '2021-06-18', '2021-11-06 00:00:00.000000', NULL, NULL, NULL),
(646, 'Marj Streatfield', '616-751-0022', '1750 Wayridge Plaza', 'mstreatfieldhx', '2021-08-24', '2022-02-22 00:00:00.000000', NULL, NULL, NULL),
(647, 'Maxie Pavinese', '385-699-5493', '9 Loftsgordon Place', 'mpavinesehy', '2021-08-04', '2021-10-07 00:00:00.000000', NULL, NULL, NULL),
(648, 'Michele Varnam', '376-574-7433', '43 Mayfield Avenue', 'mvarnamhz', '2022-05-15', '2022-02-12 00:00:00.000000', NULL, NULL, NULL),
(649, 'Zebedee Collerd', '808-369-1907', '91 Novick Center', 'zcollerdi0', '2022-03-11', '2021-07-29 00:00:00.000000', NULL, NULL, NULL),
(650, 'Lorry Shewring', '803-163-5120', '3376 Valley Edge Circle', 'lshewringi1', '2021-08-24', '2021-06-30 00:00:00.000000', NULL, NULL, NULL),
(651, 'Evelyn Maker', '919-759-3375', '776 Valley Edge Lane', 'emakeri2', '2021-08-09', '2021-10-01 00:00:00.000000', NULL, NULL, NULL),
(652, 'Lucina Kenright', '112-801-0448', '5627 5th Point', 'lkenrighti3', '2022-04-21', '2021-11-12 00:00:00.000000', NULL, NULL, NULL),
(653, 'Tomasina Maddrell', '203-818-4377', '2931 Walton Junction', 'tmaddrelli4', '2022-02-26', '2022-02-03 00:00:00.000000', NULL, NULL, NULL),
(654, 'Brandie Frankton', '294-466-9703', '05 Bunker Hill Court', 'bfranktoni5', '2022-05-19', '2022-01-14 00:00:00.000000', NULL, NULL, NULL),
(655, 'Anet Wileman', '654-515-3798', '6 Elka Road', 'awilemani6', '2021-08-04', '2021-08-02 00:00:00.000000', NULL, NULL, NULL),
(656, 'Sunny Southgate', '234-276-5577', '491 Stang Court', 'ssouthgatei7', '2022-03-27', '2022-03-28 00:00:00.000000', NULL, NULL, NULL),
(657, 'Jerrie Salery', '960-850-6394', '1546 Hagan Alley', 'jsaleryi8', '2021-12-25', '2022-05-17 00:00:00.000000', NULL, NULL, NULL),
(658, 'Robert Masden', '720-683-3741', '1 Larry Alley', 'rmasdeni9', '2022-05-23', '2021-06-26 00:00:00.000000', NULL, NULL, NULL),
(659, 'Pat Emlyn', '441-608-2663', '74713 Bayside Terrace', 'pemlynia', '2022-05-01', '2021-12-01 00:00:00.000000', NULL, NULL, NULL),
(660, 'Adriaens Greiser', '325-858-0012', '17373 Oriole Court', 'agreiserib', '2022-02-11', '2021-12-07 00:00:00.000000', NULL, NULL, NULL),
(661, 'Doloritas Emeline', '468-158-9844', '3 Cardinal Alley', 'demelineic', '2021-09-24', '2021-09-01 00:00:00.000000', NULL, NULL, NULL),
(662, 'Alane Strangeway', '402-281-9982', '9 Sutherland Court', 'astrangewayid', '2021-06-21', '2022-01-21 00:00:00.000000', NULL, NULL, NULL),
(663, 'Natala Rydings', '304-680-3329', '5172 Doe Crossing Street', 'nrydingsie', '2021-07-04', '2022-04-27 00:00:00.000000', NULL, NULL, NULL),
(664, 'Hurleigh Calvey', '796-640-5214', '2 Pankratz Point', 'hcalveyif', '2022-04-22', '2022-01-02 00:00:00.000000', NULL, NULL, NULL),
(665, 'Minne McClarence', '354-246-9493', '72 Mallard Circle', 'mmcclarenceig', '2021-09-19', '2021-11-25 00:00:00.000000', NULL, NULL, NULL),
(666, 'Amity Polycote', '909-248-7260', '595 Dwight Plaza', 'apolycoteih', '2022-02-14', '2022-02-17 00:00:00.000000', NULL, NULL, NULL),
(667, 'Giulia Calderhead', '721-431-5854', '35 Gulseth Parkway', 'gcalderheadii', '2021-12-09', '2022-02-13 00:00:00.000000', NULL, NULL, NULL),
(668, 'Phip Ixer', '828-541-5662', '8525 Bunting Hill', 'pixerij', '2021-07-09', '2021-10-12 00:00:00.000000', NULL, NULL, NULL),
(669, 'Tallou Lanney', '630-208-3509', '19681 Lighthouse Bay Trail', 'tlanneyik', '2022-03-13', '2021-08-22 00:00:00.000000', NULL, NULL, NULL),
(670, 'Tildy Mouse', '484-364-1474', '76623 Hollow Ridge Pass', 'tmouseil', '2021-09-10', '2021-09-26 00:00:00.000000', NULL, NULL, NULL),
(671, 'Sabrina Lomax', '312-448-4390', '618 Redwing Terrace', 'slomaxim', '2022-01-26', '2021-12-02 00:00:00.000000', NULL, NULL, NULL),
(672, 'Kiley Simondson', '755-202-3542', '7 Oxford Junction', 'ksimondsonin', '2021-11-17', '2021-10-31 00:00:00.000000', NULL, NULL, NULL),
(673, 'Granny Pexton', '333-283-8907', '5 Green Ridge Hill', 'gpextonio', '2022-04-25', '2021-10-12 00:00:00.000000', NULL, NULL, NULL),
(674, 'Vivian Fargher', '546-571-9073', '5 Mallard Pass', 'vfargherip', '2022-04-18', '2022-02-22 00:00:00.000000', NULL, NULL, NULL),
(675, 'Webster Rabat', '256-988-8561', '05 Calypso Place', 'wrabatiq', '2022-02-08', '2021-07-31 00:00:00.000000', NULL, NULL, NULL),
(676, 'Celestina Suddards', '401-144-4426', '7 Bowman Circle', 'csuddardsir', '2022-04-24', '2022-05-01 00:00:00.000000', NULL, NULL, NULL),
(677, 'Clarine Pettinger', '433-885-2827', '081 Atwood Circle', 'cpettingeris', '2022-01-13', '2022-05-10 00:00:00.000000', NULL, NULL, NULL),
(678, 'Darill MacPherson', '290-954-9785', '53211 Melvin Hill', 'dmacphersonit', '2022-03-20', '2021-09-23 00:00:00.000000', NULL, NULL, NULL),
(679, 'Marje McPherson', '279-816-7341', '564 Shelley Avenue', 'mmcphersoniu', '2021-11-01', '2022-05-13 00:00:00.000000', NULL, NULL, NULL),
(680, 'Brewer Sperwell', '576-755-2160', '8237 Schurz Avenue', 'bsperwelliv', '2022-03-04', '2022-03-26 00:00:00.000000', NULL, NULL, NULL),
(681, 'Neda Batchellor', '760-854-2191', '31251 Portage Way', 'nbatchelloriw', '2022-02-14', '2021-09-10 00:00:00.000000', NULL, NULL, NULL),
(682, 'Allina Keirl', '683-611-9463', '8813 Sutteridge Drive', 'akeirlix', '2021-07-18', '2021-12-27 00:00:00.000000', NULL, NULL, NULL),
(683, 'Harriot Brookson', '326-760-4586', '4430 Ruskin Alley', 'hbrooksoniy', '2021-10-22', '2022-04-23 00:00:00.000000', NULL, NULL, NULL),
(684, 'Ealasaid Kubalek', '582-346-8340', '9625 Vera Road', 'ekubalekiz', '2022-05-10', '2021-09-01 00:00:00.000000', NULL, NULL, NULL),
(685, 'Janaye McGilvra', '339-759-0560', '807 Buell Terrace', 'jmcgilvraj0', '2022-04-19', '2021-10-23 00:00:00.000000', NULL, NULL, NULL),
(686, 'Ertha Farrans', '369-264-0241', '694 Caliangt Court', 'efarransj1', '2022-01-03', '2022-04-29 00:00:00.000000', NULL, NULL, NULL),
(687, 'Blane Boecke', '484-197-2081', '19 Northview Pass', 'bboeckej2', '2021-06-14', '2022-06-09 00:00:00.000000', NULL, NULL, NULL),
(688, 'Rockey Iveson', '122-633-2688', '465 Kedzie Hill', 'rivesonj3', '2021-08-06', '2022-01-09 00:00:00.000000', NULL, NULL, NULL),
(689, 'Florian Carlow', '846-478-6786', '4499 Milwaukee Avenue', 'fcarlowj4', '2021-11-03', '2021-08-27 00:00:00.000000', NULL, NULL, NULL),
(690, 'Elia Fronks', '848-799-7761', '675 Riverside Trail', 'efronksj5', '2022-05-20', '2021-10-23 00:00:00.000000', NULL, NULL, NULL),
(691, 'Antonina Sarson', '190-814-9734', '23202 Dunning Plaza', 'asarsonj6', '2021-07-07', '2021-10-20 00:00:00.000000', NULL, NULL, NULL),
(692, 'Tildi Aldus', '767-549-0272', '0 Jackson Way', 'taldusj7', '2021-10-02', '2021-12-09 00:00:00.000000', NULL, NULL, NULL),
(693, 'Elbertine Yitzhok', '343-306-5616', '4173 Moland Junction', 'eyitzhokj8', '2021-06-20', '2022-06-01 00:00:00.000000', NULL, NULL, NULL),
(694, 'Vivia Caldecutt', '751-129-5718', '9 Sunfield Avenue', 'vcaldecuttj9', '2022-04-16', '2022-03-04 00:00:00.000000', NULL, NULL, NULL),
(695, 'Marilyn Monckton', '685-900-8620', '0098 Waywood Pass', 'mmoncktonja', '2021-09-23', '2021-06-22 00:00:00.000000', NULL, NULL, NULL),
(696, 'Brooke Belk', '962-518-0520', '33203 Swallow Avenue', 'bbelkjb', '2022-04-03', '2022-03-18 00:00:00.000000', NULL, NULL, NULL),
(697, 'Bell Maron', '969-464-0400', '939 Grim Center', 'bmaronjc', '2022-02-11', '2022-04-13 00:00:00.000000', NULL, NULL, NULL),
(698, 'Newton Lockney', '230-548-3417', '1308 Washington Way', 'nlockneyjd', '2022-03-16', '2021-10-26 00:00:00.000000', NULL, NULL, NULL),
(699, 'Gladi Apfel', '600-456-9185', '2 Scott Parkway', 'gapfelje', '2022-04-23', '2021-11-09 00:00:00.000000', NULL, NULL, NULL),
(700, 'Daniel Peetermann', '179-368-3573', '84678 Nevada Crossing', 'dpeetermannjf', '2022-05-26', '2021-10-15 00:00:00.000000', NULL, NULL, NULL),
(701, 'Dagny Woollaston', '239-237-5747', '58 Ruskin Road', 'dwoollastonjg', '2022-02-04', '2021-09-06 00:00:00.000000', NULL, NULL, NULL),
(702, 'Herbert Rakestraw', '980-247-2585', '5 Daystar Avenue', 'hrakestrawjh', '2022-02-26', '2022-01-16 00:00:00.000000', NULL, NULL, NULL),
(703, 'Ebonee Heathcote', '779-844-5529', '56 Melby Parkway', 'eheathcoteji', '2021-07-09', '2022-05-31 00:00:00.000000', NULL, NULL, NULL),
(704, 'Gert Brandin', '937-354-7483', '5 Dottie Circle', 'gbrandinjj', '2022-03-13', '2021-10-04 00:00:00.000000', NULL, NULL, NULL),
(705, 'Dunc Harnetty', '902-203-9160', '3497 Arizona Pass', 'dharnettyjk', '2021-11-15', '2022-01-05 00:00:00.000000', NULL, NULL, NULL),
(706, 'Abraham Gilli', '137-676-8819', '65626 Lakeland Junction', 'agillijl', '2021-07-23', '2021-08-05 00:00:00.000000', NULL, NULL, NULL),
(707, 'Larine Conaboy', '116-626-9648', '4197 Warbler Drive', 'lconaboyjm', '2021-07-24', '2021-12-05 00:00:00.000000', NULL, NULL, NULL),
(708, 'Humberto Lycett', '866-986-4318', '39899 Corben Road', 'hlycettjn', '2021-08-30', '2021-09-19 00:00:00.000000', NULL, NULL, NULL),
(709, 'De Nilles', '255-985-5658', '7 Prairie Rose Trail', 'dnillesjo', '2021-10-08', '2021-11-07 00:00:00.000000', NULL, NULL, NULL),
(710, 'Fania Limprecht', '136-563-8086', '7128 Merry Pass', 'flimprechtjp', '2021-08-31', '2021-10-04 00:00:00.000000', NULL, NULL, NULL),
(711, 'Hannah Tregear', '932-112-6771', '3 Ramsey Pass', 'htregearjq', '2021-12-26', '2021-09-07 00:00:00.000000', NULL, NULL, NULL),
(712, 'Beverlee Hargerie', '704-764-4780', '6205 2nd Road', 'bhargeriejr', '2021-09-17', '2021-08-26 00:00:00.000000', NULL, NULL, NULL),
(713, 'Niall Emson', '202-696-4638', '59 Swallow Parkway', 'nemsonjs', '2022-01-13', '2021-11-24 00:00:00.000000', NULL, NULL, NULL),
(714, 'Brigida Behninck', '792-813-7696', '7448 Jackson Street', 'bbehninckjt', '2022-04-21', '2021-10-18 00:00:00.000000', NULL, NULL, NULL),
(715, 'Jo-ann Varley', '852-953-1408', '9 Golf View Trail', 'jvarleyju', '2022-03-08', '2021-11-17 00:00:00.000000', NULL, NULL, NULL),
(716, 'Fremont Gumery', '457-493-9491', '5207 Hollow Ridge Junction', 'fgumeryjv', '2021-12-08', '2022-03-12 00:00:00.000000', NULL, NULL, NULL),
(717, 'Reggy Neaves', '897-717-2311', '0 Express Lane', 'rneavesjw', '2022-01-06', '2022-04-28 00:00:00.000000', NULL, NULL, NULL),
(718, 'Gibbie Primak', '825-782-0824', '8 Arrowood Terrace', 'gprimakjx', '2022-05-25', '2022-04-15 00:00:00.000000', NULL, NULL, NULL),
(719, 'Trixie Nornasell', '444-542-8899', '4684 Dexter Road', 'tnornaselljy', '2022-04-06', '2021-09-06 00:00:00.000000', NULL, NULL, NULL),
(720, 'Jacinda Neeson', '481-153-2438', '23 Dovetail Hill', 'jneesonjz', '2022-04-25', '2021-10-04 00:00:00.000000', NULL, NULL, NULL),
(721, 'Bil Pont', '205-722-0045', '96 Red Cloud Junction', 'bpontk0', '2021-09-01', '2021-07-12 00:00:00.000000', NULL, NULL, NULL),
(722, 'Berta Astman', '107-564-8282', '2249 Gina Alley', 'bastmank1', '2021-10-25', '2022-05-27 00:00:00.000000', NULL, NULL, NULL),
(723, 'Shantee Haglinton', '319-642-8267', '05 Glacier Hill Place', 'shaglintonk2', '2022-05-24', '2021-06-15 00:00:00.000000', NULL, NULL, NULL),
(724, 'Petra Zaniolini', '504-223-0086', '139 Schurz Crossing', 'pzaniolinik3', '2021-11-21', '2022-02-23 00:00:00.000000', NULL, NULL, NULL),
(725, 'Rahel Doonican', '699-830-1686', '26041 Forest Parkway', 'rdoonicank4', '2021-07-08', '2021-06-26 00:00:00.000000', NULL, NULL, NULL),
(726, 'Evan Paramore', '509-568-5727', '9 Springview Road', 'eparamorek5', '2021-11-06', '2022-06-01 00:00:00.000000', NULL, NULL, NULL),
(727, 'Shir Aitchinson', '893-218-2625', '48791 Aberg Parkway', 'saitchinsonk6', '2021-07-27', '2022-01-21 00:00:00.000000', NULL, NULL, NULL),
(728, 'Simonne Fone', '421-641-0485', '65908 Hoffman Trail', 'sfonek7', '2021-10-04', '2022-05-12 00:00:00.000000', NULL, NULL, NULL),
(729, 'Jill Readhead', '219-643-3137', '544 Shasta Circle', 'jreadheadk8', '2022-02-10', '2022-04-30 00:00:00.000000', NULL, NULL, NULL),
(730, 'Saunderson Rusling', '255-201-9920', '43 Vidon Crossing', 'sruslingk9', '2022-06-11', '2021-08-15 00:00:00.000000', NULL, NULL, NULL);
INSERT INTO `doctors` (`id`, `doctor_name`, `phone`, `location`, `come_by`, `join_at`, `created_at`, `updated_at`, `created_by_id`, `updated_by_id`) VALUES
(731, 'Jefferey Upham', '580-678-5834', '72185 Eastlawn Junction', 'juphamka', '2021-06-28', '2022-01-04 00:00:00.000000', NULL, NULL, NULL),
(732, 'Lyssa Ertelt', '912-157-4822', '8120 Esch Point', 'lerteltkb', '2021-11-05', '2022-02-22 00:00:00.000000', NULL, NULL, NULL),
(733, 'Danya Nurdin', '544-840-4451', '220 Carpenter Center', 'dnurdinkc', '2021-10-11', '2021-11-24 00:00:00.000000', NULL, NULL, NULL),
(734, 'Galvin Haighton', '216-698-4179', '74 Weeping Birch Place', 'ghaightonkd', '2021-08-16', '2021-06-25 00:00:00.000000', NULL, NULL, NULL),
(735, 'Cecelia Deignan', '154-124-3567', '4 Stoughton Lane', 'cdeignanke', '2021-10-01', '2022-01-13 00:00:00.000000', NULL, NULL, NULL),
(736, 'Thea Elland', '931-505-9925', '91311 Esker Circle', 'tellandkf', '2022-04-20', '2021-08-26 00:00:00.000000', NULL, NULL, NULL),
(737, 'Magnum Mussettini', '766-326-7892', '29592 Hoepker Street', 'mmussettinikg', '2021-12-24', '2021-08-06 00:00:00.000000', NULL, NULL, NULL),
(738, 'Celle Zaple', '877-499-8820', '5 Summer Ridge Crossing', 'czaplekh', '2022-04-12', '2021-10-26 00:00:00.000000', NULL, NULL, NULL),
(739, 'Toinette Stent', '937-106-5017', '50193 Oneill Trail', 'tstentki', '2022-04-27', '2021-09-02 00:00:00.000000', NULL, NULL, NULL),
(740, 'Annice Domoni', '468-505-0465', '9432 Esker Hill', 'adomonikj', '2022-03-10', '2022-05-19 00:00:00.000000', NULL, NULL, NULL),
(741, 'Kathryn Wornham', '826-363-1284', '2 Brickson Park Avenue', 'kwornhamkk', '2022-01-08', '2021-09-27 00:00:00.000000', NULL, NULL, NULL),
(742, 'Evelyn Ledger', '209-118-4732', '08953 Sutteridge Terrace', 'eledgerkl', '2022-05-24', '2022-06-08 00:00:00.000000', NULL, NULL, NULL),
(743, 'Yettie Towlson', '860-124-6044', '3 Maywood Lane', 'ytowlsonkm', '2022-03-01', '2022-03-28 00:00:00.000000', NULL, NULL, NULL),
(744, 'Andrus Adriano', '424-178-6471', '1405 Harper Circle', 'aadrianokn', '2021-09-30', '2022-05-20 00:00:00.000000', NULL, NULL, NULL),
(745, 'Devan Lundy', '388-787-8933', '1683 Dayton Center', 'dlundyko', '2022-01-17', '2021-11-16 00:00:00.000000', NULL, NULL, NULL),
(746, 'Ashil Cheasman', '726-819-9561', '23 Lawn Hill', 'acheasmankp', '2022-06-07', '2022-06-11 00:00:00.000000', NULL, NULL, NULL),
(747, 'Aprilette Darthe', '656-214-3389', '132 Dexter Street', 'adarthekq', '2021-07-23', '2022-04-22 00:00:00.000000', NULL, NULL, NULL),
(748, 'Gaven O\' Hanvey', '538-428-7978', '871 Iowa Way', 'gokr', '2021-07-15', '2022-03-28 00:00:00.000000', NULL, NULL, NULL),
(749, 'Kacie Piotrowski', '852-604-4521', '08711 Ludington Center', 'kpiotrowskiks', '2022-01-19', '2021-11-06 00:00:00.000000', NULL, NULL, NULL),
(750, 'Ricardo Heffy', '720-949-7413', '5598 Buell Circle', 'rheffykt', '2021-11-06', '2021-12-17 00:00:00.000000', NULL, NULL, NULL),
(751, 'Ruth Mahon', '132-715-7479', '59926 Briar Crest Alley', 'rmahonku', '2022-04-16', '2021-10-14 00:00:00.000000', NULL, NULL, NULL),
(752, 'Savina Kingsly', '460-235-9934', '6061 Orin Street', 'skingslykv', '2021-12-24', '2021-09-06 00:00:00.000000', NULL, NULL, NULL),
(753, 'Albertine Reucastle', '374-200-3596', '45554 Steensland Park', 'areucastlekw', '2021-10-04', '2022-03-10 00:00:00.000000', NULL, NULL, NULL),
(754, 'Danika A\'field', '793-296-8594', '82 Clove Parkway', 'dafieldkx', '2021-12-24', '2022-04-08 00:00:00.000000', NULL, NULL, NULL),
(755, 'Normy Vickress', '371-765-1544', '2145 Fair Oaks Terrace', 'nvickressky', '2022-05-11', '2021-12-02 00:00:00.000000', NULL, NULL, NULL),
(756, 'Haily Hargerie', '765-875-9547', '2899 Corben Court', 'hhargeriekz', '2022-03-10', '2022-01-09 00:00:00.000000', NULL, NULL, NULL),
(757, 'Jacki Stainfield', '849-337-1133', '32524 Declaration Court', 'jstainfieldl0', '2021-09-05', '2021-10-05 00:00:00.000000', NULL, NULL, NULL),
(758, 'Chloris Binford', '725-334-1913', '678 Warbler Pass', 'cbinfordl1', '2021-09-09', '2022-02-21 00:00:00.000000', NULL, NULL, NULL),
(759, 'Julian Girling', '156-727-0974', '26 Morrow Crossing', 'jgirlingl2', '2021-10-24', '2022-02-08 00:00:00.000000', NULL, NULL, NULL),
(760, 'Calypso Shemelt', '847-576-0163', '4927 Arapahoe Way', 'cshemeltl3', '2021-11-24', '2021-11-05 00:00:00.000000', NULL, NULL, NULL),
(761, 'Lenora Lampard', '429-159-5784', '6 Thierer Road', 'llampardl4', '2021-09-10', '2022-04-05 00:00:00.000000', NULL, NULL, NULL),
(762, 'Loni Stitcher', '989-833-7236', '8803 Dahle Park', 'lstitcherl5', '2021-11-21', '2022-01-16 00:00:00.000000', NULL, NULL, NULL),
(763, 'Mayer Assur', '777-563-8100', '4 Merchant Place', 'massurl6', '2022-03-04', '2021-08-04 00:00:00.000000', NULL, NULL, NULL),
(764, 'Yanaton De la Yglesias', '786-896-0421', '78196 Calypso Hill', 'ydel7', '2022-03-05', '2021-08-01 00:00:00.000000', NULL, NULL, NULL),
(765, 'Adriana Matthieson', '538-789-7190', '00 Mosinee Place', 'amatthiesonl8', '2022-02-23', '2021-12-15 00:00:00.000000', NULL, NULL, NULL),
(766, 'Pavla McGreay', '207-801-1365', '68 Badeau Circle', 'pmcgreayl9', '2021-09-08', '2021-12-04 00:00:00.000000', NULL, NULL, NULL),
(767, 'Joellyn Sabie', '617-925-2811', '9288 International Lane', 'jsabiela', '2022-04-20', '2022-03-05 00:00:00.000000', NULL, NULL, NULL),
(768, 'Neill Plunkett', '558-799-7878', '128 Bunting Park', 'nplunkettlb', '2021-12-05', '2022-01-25 00:00:00.000000', NULL, NULL, NULL),
(769, 'Marcella Dinis', '562-140-5679', '4307 West Street', 'mdinislc', '2022-01-16', '2022-01-28 00:00:00.000000', NULL, NULL, NULL),
(770, 'Bartholomeus MacGillivray', '452-715-2241', '0 Elgar Terrace', 'bmacgillivrayld', '2021-12-18', '2021-09-15 00:00:00.000000', NULL, NULL, NULL),
(771, 'Markus Tessington', '460-548-0312', '48 Mockingbird Avenue', 'mtessingtonle', '2021-06-16', '2022-04-24 00:00:00.000000', NULL, NULL, NULL),
(772, 'Suzanna Thieme', '302-641-8608', '8549 Debra Alley', 'sthiemelf', '2022-02-17', '2021-10-04 00:00:00.000000', NULL, NULL, NULL),
(773, 'Glyn Rhead', '647-719-4670', '1 Vahlen Alley', 'grheadlg', '2022-05-29', '2021-08-22 00:00:00.000000', NULL, NULL, NULL),
(774, 'Tobie Duckering', '873-256-0766', '360 8th Drive', 'tduckeringlh', '2021-07-23', '2021-10-09 00:00:00.000000', NULL, NULL, NULL),
(775, 'Bearnard Davidou', '591-346-1211', '6231 Brickson Park Pass', 'bdavidouli', '2022-05-09', '2021-12-23 00:00:00.000000', NULL, NULL, NULL),
(776, 'Lloyd Bealton', '315-852-7585', '07850 Forest Run Street', 'lbealtonlj', '2021-07-11', '2021-10-26 00:00:00.000000', NULL, NULL, NULL),
(777, 'Lonnie Furby', '319-685-2946', '90 Weeping Birch Park', 'lfurbylk', '2021-10-17', '2021-07-29 00:00:00.000000', NULL, NULL, NULL),
(778, 'Harlan Hancock', '902-782-1671', '0676 Scoville Drive', 'hhancockll', '2021-09-25', '2021-07-02 00:00:00.000000', NULL, NULL, NULL),
(779, 'Nelly Albasini', '626-167-9469', '59 Scott Crossing', 'nalbasinilm', '2021-12-28', '2022-05-01 00:00:00.000000', NULL, NULL, NULL),
(780, 'Suzanne Schulke', '944-170-7782', '8876 Jenna Terrace', 'sschulkeln', '2021-07-05', '2021-11-26 00:00:00.000000', NULL, NULL, NULL),
(781, 'Kristian Pren', '885-355-6474', '9 Lillian Avenue', 'kprenlo', '2021-09-18', '2021-09-12 00:00:00.000000', NULL, NULL, NULL),
(782, 'Glyn Haburne', '827-647-2779', '5850 Sundown Hill', 'ghaburnelp', '2021-10-10', '2021-12-20 00:00:00.000000', NULL, NULL, NULL),
(783, 'Cyrus Denington', '937-561-7226', '3 Kennedy Point', 'cdeningtonlq', '2021-09-10', '2021-09-11 00:00:00.000000', NULL, NULL, NULL),
(784, 'Skelly Greenshiels', '393-675-2783', '43 Victoria Circle', 'sgreenshielslr', '2021-11-30', '2022-01-30 00:00:00.000000', NULL, NULL, NULL),
(785, 'Colby Kunzelmann', '827-505-7821', '99 Eliot Parkway', 'ckunzelmannls', '2021-12-18', '2021-07-01 00:00:00.000000', NULL, NULL, NULL),
(786, 'Isaiah Christophle', '681-729-9004', '46418 Lake View Parkway', 'ichristophlelt', '2021-07-11', '2022-03-04 00:00:00.000000', NULL, NULL, NULL),
(787, 'Yvette Aronow', '736-256-5887', '51 Victoria Park', 'yaronowlu', '2022-01-26', '2021-07-12 00:00:00.000000', NULL, NULL, NULL),
(788, 'Scot Krochmann', '409-471-4633', '922 Bunting Hill', 'skrochmannlv', '2022-01-29', '2021-11-10 00:00:00.000000', NULL, NULL, NULL),
(789, 'Frans Etchingham', '459-768-4800', '60 Chive Way', 'fetchinghamlw', '2021-07-14', '2021-07-20 00:00:00.000000', NULL, NULL, NULL),
(790, 'Peta Schulze', '412-683-0327', '878 Hudson Alley', 'pschulzelx', '2021-07-11', '2021-12-22 00:00:00.000000', NULL, NULL, NULL),
(791, 'Janis Gatehouse', '518-627-2227', '76304 2nd Avenue', 'jgatehousely', '2022-03-16', '2021-10-23 00:00:00.000000', NULL, NULL, NULL),
(792, 'Ree Kerner', '968-214-3943', '66335 Eastlawn Crossing', 'rkernerlz', '2021-10-29', '2022-04-25 00:00:00.000000', NULL, NULL, NULL),
(793, 'Ebeneser Calderon', '801-943-6070', '28640 Corben Way', 'ecalderonm0', '2022-03-31', '2021-12-26 00:00:00.000000', NULL, NULL, NULL),
(794, 'Brittani Luxen', '458-439-9190', '22404 Dexter Place', 'bluxenm1', '2021-12-31', '2021-07-31 00:00:00.000000', NULL, NULL, NULL),
(795, 'Beatrix Boulder', '733-759-6271', '02101 Hauk Trail', 'bboulderm2', '2021-09-14', '2021-12-25 00:00:00.000000', NULL, NULL, NULL),
(796, 'Queenie Busch', '343-883-8225', '02 John Wall Way', 'qbuschm3', '2022-05-30', '2022-05-13 00:00:00.000000', NULL, NULL, NULL),
(797, 'Web Konmann', '432-158-9390', '85075 Rutledge Drive', 'wkonmannm4', '2021-12-01', '2022-02-17 00:00:00.000000', NULL, NULL, NULL),
(798, 'Nikolia McCartan', '424-751-3356', '26 Debra Street', 'nmccartanm5', '2021-10-22', '2021-08-09 00:00:00.000000', NULL, NULL, NULL),
(799, 'Basil Height', '895-447-4129', '73388 Gina Park', 'bheightm6', '2022-04-01', '2021-07-21 00:00:00.000000', NULL, NULL, NULL),
(800, 'Loren Geekin', '649-897-0157', '15676 Thackeray Drive', 'lgeekinm7', '2022-05-08', '2021-07-22 00:00:00.000000', NULL, NULL, NULL),
(801, 'Randell Thiolier', '465-551-2980', '6158 Nova Road', 'rthiolierm8', '2022-04-11', '2021-06-19 00:00:00.000000', NULL, NULL, NULL),
(802, 'Karlotte Recher', '465-440-5651', '14476 Lukken Point', 'krecherm9', '2021-12-23', '2022-04-06 00:00:00.000000', NULL, NULL, NULL),
(803, 'Abdul Champkins', '972-782-3232', '3 Morning Drive', 'achampkinsma', '2021-07-25', '2021-11-23 00:00:00.000000', NULL, NULL, NULL),
(804, 'Justus Shewan', '609-273-1693', '82 Mendota Pass', 'jshewanmb', '2022-04-03', '2021-11-24 00:00:00.000000', NULL, NULL, NULL),
(805, 'Malchy Plan', '800-186-1118', '1 Schlimgen Avenue', 'mplanmc', '2022-04-01', '2022-03-13 00:00:00.000000', NULL, NULL, NULL),
(806, 'Rutherford Takos', '597-202-6038', '666 Londonderry Pass', 'rtakosmd', '2022-05-01', '2022-04-13 00:00:00.000000', NULL, NULL, NULL),
(807, 'Jay MacConnal', '756-292-5013', '42944 Shoshone Point', 'jmacconnalme', '2021-06-30', '2021-07-25 00:00:00.000000', NULL, NULL, NULL),
(808, 'Ellwood Dunderdale', '947-634-6819', '6949 Drewry Terrace', 'edunderdalemf', '2021-07-02', '2022-03-08 00:00:00.000000', NULL, NULL, NULL),
(809, 'Allayne Roggers', '613-453-5258', '6 Scoville Drive', 'aroggersmg', '2021-08-21', '2022-05-14 00:00:00.000000', NULL, NULL, NULL),
(810, 'Grazia Chidley', '767-500-8633', '2 Sycamore Plaza', 'gchidleymh', '2021-12-04', '2021-10-22 00:00:00.000000', NULL, NULL, NULL),
(811, 'Lorilee Crasswell', '329-168-6288', '21141 Hoffman Street', 'lcrasswellmi', '2021-08-09', '2021-11-11 00:00:00.000000', NULL, NULL, NULL),
(812, 'Lindsy Scrauniage', '285-444-8370', '3669 Mariners Cove Road', 'lscrauniagemj', '2022-04-15', '2022-01-01 00:00:00.000000', NULL, NULL, NULL),
(813, 'Evangelia Hunnam', '702-140-9170', '56 Morrow Crossing', 'ehunnammk', '2021-12-13', '2021-09-10 00:00:00.000000', NULL, NULL, NULL),
(814, 'Rosita Fumagall', '610-559-2390', '81 Lakeland Junction', 'rfumagallml', '2022-02-08', '2021-08-30 00:00:00.000000', NULL, NULL, NULL),
(815, 'Caprice Crocetto', '591-109-6563', '8943 Mayer Center', 'ccrocettomm', '2021-09-07', '2021-09-02 00:00:00.000000', NULL, NULL, NULL),
(816, 'Bertine Stolworthy', '220-659-3623', '77434 School Circle', 'bstolworthymn', '2022-03-05', '2021-07-01 00:00:00.000000', NULL, NULL, NULL),
(817, 'Jethro Le Noury', '896-629-7271', '3417 Marcy Park', 'jlemo', '2022-03-11', '2022-04-02 00:00:00.000000', NULL, NULL, NULL),
(818, 'Rod Kivits', '803-552-6737', '95 Anderson Crossing', 'rkivitsmp', '2021-09-11', '2022-05-26 00:00:00.000000', NULL, NULL, NULL),
(819, 'Gayel Nares', '254-381-5485', '6 Surrey Road', 'gnaresmq', '2021-06-16', '2021-11-12 00:00:00.000000', NULL, NULL, NULL),
(820, 'Fergus Harlick', '604-527-4168', '26398 Sutteridge Circle', 'fharlickmr', '2021-08-13', '2021-08-02 00:00:00.000000', NULL, NULL, NULL),
(821, 'Pavia Beckinsall', '124-647-4055', '91 Canary Pass', 'pbeckinsallms', '2021-10-23', '2022-02-14 00:00:00.000000', NULL, NULL, NULL),
(822, 'Boyd Carruthers', '542-295-2697', '64329 Little Fleur Street', 'bcarruthersmt', '2021-10-14', '2021-07-15 00:00:00.000000', NULL, NULL, NULL),
(823, 'Neall Henworth', '163-568-0627', '6359 Sachtjen Park', 'nhenworthmu', '2022-03-24', '2021-09-11 00:00:00.000000', NULL, NULL, NULL),
(824, 'Cassandra Twinn', '255-651-9905', '3 Elka Street', 'ctwinnmv', '2021-08-21', '2021-06-25 00:00:00.000000', NULL, NULL, NULL),
(825, 'Ardyce Purcer', '268-440-7178', '42129 Messerschmidt Avenue', 'apurcermw', '2021-08-06', '2022-02-04 00:00:00.000000', NULL, NULL, NULL),
(826, 'Augustine Tomaszewicz', '647-145-9681', '57774 Maple Terrace', 'atomaszewiczmx', '2022-01-06', '2022-05-22 00:00:00.000000', NULL, NULL, NULL),
(827, 'Keefe Kryszka', '890-792-4881', '806 Larry Court', 'kkryszkamy', '2021-07-25', '2021-12-02 00:00:00.000000', NULL, NULL, NULL),
(828, 'Reinold Syson', '352-300-2937', '907 Aberg Terrace', 'rsysonmz', '2022-05-14', '2022-02-21 00:00:00.000000', NULL, NULL, NULL),
(829, 'Berk Hollows', '733-943-2943', '816 Debra Junction', 'bhollowsn0', '2021-12-23', '2021-11-29 00:00:00.000000', NULL, NULL, NULL),
(830, 'Audrye Templman', '652-297-6161', '2 Canary Parkway', 'atemplmann1', '2021-09-17', '2021-09-16 00:00:00.000000', NULL, NULL, NULL),
(831, 'Quintin Rayworth', '712-868-6087', '22 Troy Way', 'qrayworthn2', '2022-02-15', '2022-03-22 00:00:00.000000', NULL, NULL, NULL),
(832, 'Fee Banaszewski', '248-271-6805', '31290 Sage Trail', 'fbanaszewskin3', '2021-07-22', '2021-12-28 00:00:00.000000', NULL, NULL, NULL),
(833, 'Tammi Kuhnel', '170-229-9057', '39 Sunbrook Place', 'tkuhneln4', '2021-08-02', '2021-08-05 00:00:00.000000', NULL, NULL, NULL),
(834, 'Glad Malec', '325-838-8033', '2 Mandrake Pass', 'gmalecn5', '2021-12-29', '2021-10-09 00:00:00.000000', NULL, NULL, NULL),
(835, 'Lorain Fearby', '407-165-0338', '487 Oxford Junction', 'lfearbyn6', '2021-09-19', '2022-05-14 00:00:00.000000', NULL, NULL, NULL),
(836, 'Ezri Streatfeild', '509-142-8081', '06 Gina Crossing', 'estreatfeildn7', '2021-07-02', '2021-07-18 00:00:00.000000', NULL, NULL, NULL),
(837, 'Justinian Capron', '614-564-3232', '41084 Bluestem Circle', 'jcapronn8', '2022-06-11', '2022-02-10 00:00:00.000000', NULL, NULL, NULL),
(838, 'Davis Lazarus', '566-906-5401', '22023 Northfield Avenue', 'dlazarusn9', '2021-09-04', '2021-07-23 00:00:00.000000', NULL, NULL, NULL),
(839, 'Stanley Dahlgren', '726-626-0645', '9732 Eliot Pass', 'sdahlgrenna', '2022-01-15', '2021-10-11 00:00:00.000000', NULL, NULL, NULL),
(840, 'Rafaelita Pavlitschek', '456-291-1463', '06663 3rd Center', 'rpavlitscheknb', '2021-07-13', '2022-02-26 00:00:00.000000', NULL, NULL, NULL),
(841, 'Mela Cattrell', '101-650-8774', '6020 Killdeer Plaza', 'mcattrellnc', '2021-08-11', '2021-09-11 00:00:00.000000', NULL, NULL, NULL),
(842, 'Constantin Lynds', '100-958-2337', '32 Orin Parkway', 'clyndsnd', '2021-10-07', '2021-07-24 00:00:00.000000', NULL, NULL, NULL),
(843, 'Kissie Blacklidge', '756-784-5017', '2100 Petterle Junction', 'kblacklidgene', '2021-09-03', '2021-07-27 00:00:00.000000', NULL, NULL, NULL),
(844, 'Audry Turner', '181-352-0829', '7077 Dovetail Street', 'aturnernf', '2022-05-27', '2022-05-08 00:00:00.000000', NULL, NULL, NULL),
(845, 'Jammal Senchenko', '757-953-6049', '0478 Goodland Parkway', 'jsenchenkong', '2021-06-15', '2021-11-30 00:00:00.000000', NULL, NULL, NULL),
(846, 'Nerti Magarrell', '634-714-8813', '122 Derek Plaza', 'nmagarrellnh', '2021-09-29', '2022-01-05 00:00:00.000000', NULL, NULL, NULL),
(847, 'Nathaniel Utting', '390-511-6059', '06 Logan Pass', 'nuttingni', '2022-05-22', '2022-01-23 00:00:00.000000', NULL, NULL, NULL),
(848, 'Horten Ratnage', '861-553-6507', '8 Haas Trail', 'hratnagenj', '2022-04-18', '2021-12-03 00:00:00.000000', NULL, NULL, NULL),
(849, 'Bette Shard', '302-240-5089', '26342 Holmberg Junction', 'bshardnk', '2022-04-02', '2022-01-25 00:00:00.000000', NULL, NULL, NULL),
(850, 'Loni Knewstubb', '322-760-2570', '493 Loeprich Avenue', 'lknewstubbnl', '2021-07-02', '2021-11-16 00:00:00.000000', NULL, NULL, NULL),
(851, 'Patsy Gayther', '200-196-9806', '945 Lawn Parkway', 'pgaythernm', '2022-04-26', '2022-02-06 00:00:00.000000', NULL, NULL, NULL),
(852, 'Norma Morrow', '648-821-6744', '477 Ridgeview Drive', 'nmorrownn', '2022-06-03', '2022-06-03 00:00:00.000000', NULL, NULL, NULL),
(853, 'Yule Gillespie', '790-944-1625', '110 Kipling Circle', 'ygillespieno', '2021-11-30', '2022-06-07 00:00:00.000000', NULL, NULL, NULL),
(854, 'Leonhard Dingsdale', '446-365-8558', '19 Talmadge Hill', 'ldingsdalenp', '2021-07-29', '2022-05-01 00:00:00.000000', NULL, NULL, NULL),
(855, 'Abbye Francke', '346-421-4107', '58834 Jay Way', 'afranckenq', '2022-03-26', '2021-11-15 00:00:00.000000', NULL, NULL, NULL),
(856, 'Elyn Lock', '393-514-7124', '4470 Twin Pines Terrace', 'elocknr', '2021-11-21', '2021-11-16 00:00:00.000000', NULL, NULL, NULL),
(857, 'Britte Thomelin', '563-614-7049', '564 Pearson Place', 'bthomelinns', '2021-07-14', '2021-12-05 00:00:00.000000', NULL, NULL, NULL),
(858, 'Caspar Yeudall', '276-464-2079', '53440 Eastlawn Alley', 'cyeudallnt', '2022-05-07', '2022-02-04 00:00:00.000000', NULL, NULL, NULL),
(859, 'Tabbie Almack', '821-740-8171', '955 Starling Park', 'talmacknu', '2021-08-06', '2022-01-07 00:00:00.000000', NULL, NULL, NULL),
(860, 'Wald Wormell', '250-167-7681', '25 Roth Way', 'wwormellnv', '2022-05-02', '2022-02-11 00:00:00.000000', NULL, NULL, NULL),
(861, 'Annetta Dishman', '174-801-2512', '7778 Daystar Street', 'adishmannw', '2021-07-29', '2021-07-10 00:00:00.000000', NULL, NULL, NULL),
(862, 'Essy Heintsch', '267-139-0620', '24 Eagan Junction', 'eheintschnx', '2022-04-01', '2022-03-26 00:00:00.000000', NULL, NULL, NULL),
(863, 'Aline Eicke', '695-532-5594', '938 Fuller Circle', 'aeickeny', '2022-02-20', '2021-08-20 00:00:00.000000', NULL, NULL, NULL),
(864, 'Edwina Awmack', '288-994-9307', '3 Leroy Street', 'eawmacknz', '2021-10-10', '2021-08-27 00:00:00.000000', NULL, NULL, NULL),
(865, 'Noemi Preskett', '445-409-5941', '0 Sunfield Street', 'npresketto0', '2021-11-16', '2022-03-30 00:00:00.000000', NULL, NULL, NULL),
(866, 'Beniamino Jarman', '177-278-8406', '93807 Merrick Center', 'bjarmano1', '2022-05-15', '2021-10-25 00:00:00.000000', NULL, NULL, NULL),
(867, 'Gracia D\'Onise', '438-169-7943', '6 Golf Crossing', 'gdoniseo2', '2021-09-12', '2021-11-03 00:00:00.000000', NULL, NULL, NULL),
(868, 'Jewelle Shewry', '956-992-6012', '22014 Troy Court', 'jshewryo3', '2022-03-09', '2021-06-30 00:00:00.000000', NULL, NULL, NULL),
(869, 'Bridie Gyrgorcewicx', '155-394-1775', '87 Magdeline Court', 'bgyrgorcewicxo4', '2021-11-08', '2021-12-11 00:00:00.000000', NULL, NULL, NULL),
(870, 'Kalil Gergely', '518-205-7758', '07 Westerfield Way', 'kgergelyo5', '2022-01-03', '2021-08-25 00:00:00.000000', NULL, NULL, NULL),
(871, 'Connie Petracco', '579-536-4836', '1801 Mendota Drive', 'cpetraccoo6', '2022-03-08', '2022-05-29 00:00:00.000000', NULL, NULL, NULL),
(872, 'Melva Wadeling', '220-429-7065', '6161 Warner Street', 'mwadelingo7', '2021-06-16', '2021-06-13 00:00:00.000000', NULL, NULL, NULL),
(873, 'Genevra Burford', '726-192-4177', '54890 Michigan Junction', 'gburfordo8', '2022-03-11', '2022-01-09 00:00:00.000000', NULL, NULL, NULL),
(874, 'Zachariah Syncke', '312-930-2266', '670 Washington Street', 'zsynckeo9', '2022-05-25', '2022-04-11 00:00:00.000000', NULL, NULL, NULL),
(875, 'Justino Puttan', '442-483-2638', '21161 Birchwood Crossing', 'jputtanoa', '2021-06-21', '2021-08-07 00:00:00.000000', NULL, NULL, NULL),
(876, 'Arty Haslock', '471-473-1874', '9553 Maryland Center', 'ahaslockob', '2021-08-26', '2021-07-31 00:00:00.000000', NULL, NULL, NULL),
(877, 'Cynthea Skelbeck', '278-771-3467', '20494 Marcy Pass', 'cskelbeckoc', '2021-10-21', '2021-10-07 00:00:00.000000', NULL, NULL, NULL),
(878, 'Walden Gare', '821-627-7864', '81234 Eastlawn Drive', 'wgareod', '2022-01-12', '2021-10-17 00:00:00.000000', NULL, NULL, NULL),
(879, 'Mariette Dockrell', '717-499-9499', '5 5th Crossing', 'mdockrelloe', '2022-02-20', '2022-03-28 00:00:00.000000', NULL, NULL, NULL),
(880, 'Gale Alsop', '267-876-6358', '5864 Buhler Hill', 'galsopof', '2021-06-17', '2022-03-13 00:00:00.000000', NULL, NULL, NULL),
(881, 'Rosetta Henriquet', '425-239-5460', '5 Fairfield Court', 'rhenriquetog', '2022-05-31', '2021-12-02 00:00:00.000000', NULL, NULL, NULL),
(882, 'Lonna D\'Hooge', '492-613-1384', '218 Spaight Court', 'ldhoogeoh', '2022-04-17', '2022-03-15 00:00:00.000000', NULL, NULL, NULL),
(883, 'Gan Albon', '275-836-1024', '0060 Tony Road', 'galbonoi', '2022-03-29', '2021-11-04 00:00:00.000000', NULL, NULL, NULL),
(884, 'Norene Simchenko', '143-329-0099', '309 Meadow Vale Terrace', 'nsimchenkooj', '2022-04-21', '2022-04-15 00:00:00.000000', NULL, NULL, NULL),
(885, 'Craggie Apfler', '543-540-5136', '94 School Center', 'capflerok', '2022-03-30', '2022-01-03 00:00:00.000000', NULL, NULL, NULL),
(886, 'Dallas Bellson', '212-953-8572', '9 Vidon Alley', 'dbellsonol', '2022-04-06', '2022-02-17 00:00:00.000000', NULL, NULL, NULL),
(887, 'Shaun Norval', '499-397-6789', '2 Farmco Park', 'snorvalom', '2022-02-28', '2021-10-12 00:00:00.000000', NULL, NULL, NULL),
(888, 'Dulcia Armall', '989-574-5499', '4 Wayridge Circle', 'darmallon', '2022-05-25', '2021-07-03 00:00:00.000000', NULL, NULL, NULL),
(889, 'Cly Ohrtmann', '787-974-6286', '6815 Lakeland Terrace', 'cohrtmannoo', '2021-11-27', '2021-11-27 00:00:00.000000', NULL, NULL, NULL),
(890, 'Dulcinea Fettiplace', '145-303-5673', '069 Sauthoff Park', 'dfettiplaceop', '2022-04-03', '2022-05-30 00:00:00.000000', NULL, NULL, NULL),
(891, 'Ame Bowie', '489-701-6208', '520 Schmedeman Lane', 'abowieoq', '2022-05-27', '2022-05-12 00:00:00.000000', NULL, NULL, NULL),
(892, 'Emmanuel Passler', '562-525-3553', '720 Carioca Parkway', 'epassleror', '2021-08-28', '2021-12-02 00:00:00.000000', NULL, NULL, NULL),
(893, 'Keefer Redman', '643-929-1548', '14345 Springs Trail', 'kredmanos', '2022-04-29', '2022-03-06 00:00:00.000000', NULL, NULL, NULL),
(894, 'Kip Radenhurst', '384-307-0235', '7582 Scoville Terrace', 'kradenhurstot', '2021-08-25', '2021-07-01 00:00:00.000000', NULL, NULL, NULL),
(895, 'Marlane Dillingston', '847-470-1884', '90469 Jackson Park', 'mdillingstonou', '2021-11-24', '2021-12-19 00:00:00.000000', NULL, NULL, NULL),
(896, 'Bevan Shimman', '114-558-2334', '3559 Reindahl Court', 'bshimmanov', '2021-09-05', '2021-10-26 00:00:00.000000', NULL, NULL, NULL),
(897, 'Mab Berthod', '252-406-8018', '5992 Dunning Parkway', 'mberthodow', '2022-03-17', '2021-11-23 00:00:00.000000', NULL, NULL, NULL),
(898, 'Doralia Schohier', '807-769-7616', '5 Nova Crossing', 'dschohierox', '2021-12-06', '2021-10-17 00:00:00.000000', NULL, NULL, NULL),
(899, 'Kata Momford', '329-482-3160', '4332 Talmadge Terrace', 'kmomfordoy', '2022-05-04', '2022-05-04 00:00:00.000000', NULL, NULL, NULL),
(900, 'Dion Andries', '571-744-8648', '60343 Burrows Hill', 'dandriesoz', '2021-09-15', '2022-04-02 00:00:00.000000', NULL, NULL, NULL),
(901, 'Tiertza Sabathier', '580-175-1700', '9262 Magdeline Avenue', 'tsabathierp0', '2021-10-26', '2022-04-03 00:00:00.000000', NULL, NULL, NULL),
(902, 'Lyn Gosden', '837-934-7060', '8202 Grover Center', 'lgosdenp1', '2021-06-14', '2022-03-19 00:00:00.000000', NULL, NULL, NULL),
(903, 'Adela Hallowes', '642-328-6530', '4326 Maywood Street', 'ahallowesp2', '2021-10-16', '2022-04-02 00:00:00.000000', NULL, NULL, NULL),
(904, 'Roxanne Ivakhno', '376-300-4194', '9 Twin Pines Hill', 'rivakhnop3', '2021-09-05', '2022-02-16 00:00:00.000000', NULL, NULL, NULL),
(905, 'Rici Cutriss', '660-738-8867', '5873 Drewry Alley', 'rcutrissp4', '2022-03-06', '2021-08-04 00:00:00.000000', NULL, NULL, NULL),
(906, 'Kristofer Westraw', '621-551-1415', '4 Londonderry Crossing', 'kwestrawp5', '2021-12-05', '2021-10-14 00:00:00.000000', NULL, NULL, NULL),
(907, 'Stephen Goodfellowe', '585-972-7113', '89 Prentice Terrace', 'sgoodfellowep6', '2022-01-27', '2021-09-17 00:00:00.000000', NULL, NULL, NULL),
(908, 'Lorilyn Barta', '763-574-8971', '77 Longview Way', 'lbartap7', '2022-01-10', '2021-08-02 00:00:00.000000', NULL, NULL, NULL),
(909, 'Kristien Florence', '765-789-7321', '073 Brickson Park Avenue', 'kflorencep8', '2022-01-30', '2021-07-09 00:00:00.000000', NULL, NULL, NULL),
(910, 'Sasha Clilverd', '616-103-3130', '4 Drewry Plaza', 'sclilverdp9', '2022-04-04', '2022-05-22 00:00:00.000000', NULL, NULL, NULL),
(911, 'Georgia Matkovic', '726-896-8350', '3 Fieldstone Street', 'gmatkovicpa', '2022-03-26', '2022-01-20 00:00:00.000000', NULL, NULL, NULL),
(912, 'Minor Daws', '918-341-0009', '19 Shelley Pass', 'mdawspb', '2022-05-25', '2021-11-16 00:00:00.000000', NULL, NULL, NULL),
(913, 'Neils Bettridge', '657-701-0232', '3124 Amoth Street', 'nbettridgepc', '2022-04-27', '2021-06-21 00:00:00.000000', NULL, NULL, NULL),
(914, 'Shay Richt', '517-812-9534', '91 Shelley Trail', 'srichtpd', '2022-04-10', '2021-08-03 00:00:00.000000', NULL, NULL, NULL),
(915, 'Beckie Lapides', '972-684-6165', '51 Bunting Terrace', 'blapidespe', '2021-11-27', '2022-05-11 00:00:00.000000', NULL, NULL, NULL),
(916, 'Moss Tullot', '812-430-4794', '57819 Crest Line Drive', 'mtullotpf', '2022-03-08', '2021-06-28 00:00:00.000000', NULL, NULL, NULL),
(917, 'Ram Hussell', '911-857-3837', '929 Donald Pass', 'rhussellpg', '2022-05-29', '2022-05-15 00:00:00.000000', NULL, NULL, NULL),
(918, 'Lester Caplen', '680-843-4435', '15340 Spaight Avenue', 'lcaplenph', '2021-11-22', '2022-02-05 00:00:00.000000', NULL, NULL, NULL),
(919, 'Miranda Criple', '430-891-9982', '2758 Beilfuss Alley', 'mcriplepi', '2021-09-27', '2022-03-17 00:00:00.000000', NULL, NULL, NULL),
(920, 'Nicky Iredale', '481-228-9853', '1133 Meadow Valley Circle', 'niredalepj', '2021-06-27', '2021-08-16 00:00:00.000000', NULL, NULL, NULL),
(921, 'Lurleen Trillo', '961-440-1400', '2 Talmadge Hill', 'ltrillopk', '2022-02-27', '2021-08-22 00:00:00.000000', NULL, NULL, NULL),
(922, 'Cullie Fearnside', '637-339-9539', '087 Pawling Crossing', 'cfearnsidepl', '2022-06-09', '2022-03-09 00:00:00.000000', NULL, NULL, NULL),
(923, 'Bride McPharlain', '662-268-7013', '0 Farragut Place', 'bmcpharlainpm', '2021-12-27', '2022-01-18 00:00:00.000000', NULL, NULL, NULL),
(924, 'Augustin McHenry', '413-603-8855', '34 Village Green Way', 'amchenrypn', '2022-02-21', '2022-02-08 00:00:00.000000', NULL, NULL, NULL),
(925, 'Maighdiln Vertigan', '396-836-6579', '92 Sugar Road', 'mvertiganpo', '2022-02-20', '2022-03-02 00:00:00.000000', NULL, NULL, NULL),
(926, 'Hercule Leipold', '274-973-6240', '523 Chinook Court', 'hleipoldpp', '2022-04-16', '2021-12-12 00:00:00.000000', NULL, NULL, NULL),
(927, 'Nevin Warfield', '857-756-9464', '5 Washington Trail', 'nwarfieldpq', '2021-12-12', '2022-01-03 00:00:00.000000', NULL, NULL, NULL),
(928, 'Ruthy Myderscough', '559-755-8677', '32114 Becker Plaza', 'rmyderscoughpr', '2022-03-15', '2021-12-09 00:00:00.000000', NULL, NULL, NULL),
(929, 'Celina Plaunch', '866-459-8193', '0123 Ryan Circle', 'cplaunchps', '2021-07-30', '2021-11-15 00:00:00.000000', NULL, NULL, NULL),
(930, 'Sybilla Simkovitz', '724-587-9126', '9 Namekagon Place', 'ssimkovitzpt', '2022-04-01', '2021-10-27 00:00:00.000000', NULL, NULL, NULL),
(931, 'Curtice Haselden', '319-963-8252', '447 Farragut Place', 'chaseldenpu', '2021-12-20', '2021-08-14 00:00:00.000000', NULL, NULL, NULL),
(932, 'Bearnard Heake', '258-769-7222', '1635 1st Point', 'bheakepv', '2022-05-08', '2022-06-11 00:00:00.000000', NULL, NULL, NULL),
(933, 'Rea Tuvey', '343-447-1488', '3114 Dottie Point', 'rtuveypw', '2022-01-30', '2021-06-24 00:00:00.000000', NULL, NULL, NULL),
(934, 'Rozalin Castilla', '875-695-3049', '78 Harbort Trail', 'rcastillapx', '2021-08-18', '2021-10-10 00:00:00.000000', NULL, NULL, NULL),
(935, 'Florence Pinhorn', '569-128-5120', '86619 Melody Way', 'fpinhornpy', '2021-08-18', '2021-07-17 00:00:00.000000', NULL, NULL, NULL),
(936, 'Keen Biasini', '824-109-0255', '76 Bluestem Avenue', 'kbiasinipz', '2021-11-03', '2021-07-06 00:00:00.000000', NULL, NULL, NULL),
(937, 'Brody Bumpass', '736-604-5525', '58505 Badeau Parkway', 'bbumpassq0', '2021-06-21', '2021-07-18 00:00:00.000000', NULL, NULL, NULL),
(938, 'Leticia Greger', '692-612-2478', '27 Sommers Hill', 'lgregerq1', '2021-08-04', '2021-07-13 00:00:00.000000', NULL, NULL, NULL),
(939, 'Zarah Filon', '603-153-6913', '62878 Sutherland Drive', 'zfilonq2', '2022-02-27', '2021-08-28 00:00:00.000000', NULL, NULL, NULL),
(940, 'Mendel Bernardez', '584-809-2474', '80849 Straubel Hill', 'mbernardezq3', '2021-07-23', '2022-06-10 00:00:00.000000', NULL, NULL, NULL),
(941, 'Kerrill Forde', '502-621-7984', '34307 Anzinger Trail', 'kfordeq4', '2022-06-05', '2021-12-18 00:00:00.000000', NULL, NULL, NULL),
(942, 'Wilburt Goney', '556-585-3241', '89 Hollow Ridge Drive', 'wgoneyq5', '2021-11-05', '2021-07-15 00:00:00.000000', NULL, NULL, NULL),
(943, 'Cynthia Amorts', '702-419-5560', '4842 Barnett Avenue', 'camortsq6', '2022-05-31', '2022-01-26 00:00:00.000000', NULL, NULL, NULL),
(944, 'April Bedboro', '212-429-7714', '55296 Carioca Point', 'abedboroq7', '2021-11-05', '2022-02-04 00:00:00.000000', NULL, NULL, NULL),
(945, 'Shirlene Mayer', '979-631-3299', '06 Chinook Park', 'smayerq8', '2022-03-30', '2021-07-15 00:00:00.000000', NULL, NULL, NULL),
(946, 'Garik Sibray', '657-139-3940', '1 Milwaukee Terrace', 'gsibrayq9', '2021-07-09', '2022-04-18 00:00:00.000000', NULL, NULL, NULL),
(947, 'Timmy Bedwell', '551-337-4264', '9544 Blackbird Circle', 'tbedwellqa', '2022-03-09', '2021-11-11 00:00:00.000000', NULL, NULL, NULL),
(948, 'Bald Woollcott', '865-750-6405', '1637 Johnson Circle', 'bwoollcottqb', '2021-12-07', '2022-05-11 00:00:00.000000', NULL, NULL, NULL),
(949, 'Corrine Grundon', '686-433-8462', '5 Haas Street', 'cgrundonqc', '2021-08-08', '2021-06-23 00:00:00.000000', NULL, NULL, NULL),
(950, 'Sollie Croome', '348-898-3018', '08 Hoffman Alley', 'scroomeqd', '2021-09-24', '2021-06-28 00:00:00.000000', NULL, NULL, NULL),
(951, 'Eldridge Blaszczak', '262-919-6869', '5 Westridge Plaza', 'eblaszczakqe', '2021-12-08', '2021-09-28 00:00:00.000000', NULL, NULL, NULL),
(952, 'Janina Whitchurch', '361-667-9617', '859 Fieldstone Center', 'jwhitchurchqf', '2022-01-26', '2021-11-01 00:00:00.000000', NULL, NULL, NULL),
(953, 'Barclay Walshe', '910-366-5754', '9 Farragut Road', 'bwalsheqg', '2021-06-21', '2022-03-19 00:00:00.000000', NULL, NULL, NULL),
(954, 'Shoshana Stout', '489-759-2839', '2 Bobwhite Way', 'sstoutqh', '2021-11-16', '2021-08-14 00:00:00.000000', NULL, NULL, NULL),
(955, 'Michele Meininking', '878-959-9928', '80 Reindahl Junction', 'mmeininkingqi', '2021-09-20', '2022-03-01 00:00:00.000000', NULL, NULL, NULL),
(956, 'Wakefield Armall', '458-463-5530', '42717 Merrick Hill', 'warmallqj', '2021-06-29', '2021-07-30 00:00:00.000000', NULL, NULL, NULL),
(957, 'Leonelle Verney', '789-871-2882', '1796 Autumn Leaf Park', 'lverneyqk', '2021-11-08', '2022-01-08 00:00:00.000000', NULL, NULL, NULL),
(958, 'Consolata Philipard', '619-650-4103', '4 Crescent Oaks Park', 'cphilipardql', '2022-03-17', '2022-02-14 00:00:00.000000', NULL, NULL, NULL),
(959, 'Emmy Plaister', '840-201-6714', '43 Sutteridge Point', 'eplaisterqm', '2021-08-27', '2022-03-11 00:00:00.000000', NULL, NULL, NULL),
(960, 'Shelden Geistmann', '479-457-7811', '7 Del Sol Center', 'sgeistmannqn', '2021-07-02', '2022-04-06 00:00:00.000000', NULL, NULL, NULL),
(961, 'Jenn Lunam', '680-369-4990', '24271 Kropf Park', 'jlunamqo', '2022-04-12', '2021-09-28 00:00:00.000000', NULL, NULL, NULL),
(962, 'Hillel Gallety', '711-252-7559', '10 Mallory Parkway', 'hgalletyqp', '2021-11-29', '2022-02-08 00:00:00.000000', NULL, NULL, NULL),
(963, 'Weber Kurton', '556-262-3984', '062 Jana Center', 'wkurtonqq', '2021-07-26', '2021-08-31 00:00:00.000000', NULL, NULL, NULL),
(964, 'Audie Roxbee', '388-718-7949', '3235 Autumn Leaf Avenue', 'aroxbeeqr', '2021-07-21', '2021-10-02 00:00:00.000000', NULL, NULL, NULL),
(965, 'Nichol Spellworth', '973-880-0765', '5734 West Circle', 'nspellworthqs', '2022-02-27', '2022-02-27 00:00:00.000000', NULL, NULL, NULL),
(966, 'Wayne Hamsher', '902-154-8586', '68 Sloan Junction', 'whamsherqt', '2021-09-19', '2021-12-23 00:00:00.000000', NULL, NULL, NULL),
(967, 'Sonnnie McNirlin', '401-121-7088', '42 Bonner Place', 'smcnirlinqu', '2021-09-19', '2021-09-17 00:00:00.000000', NULL, NULL, NULL),
(968, 'Aldridge Debling', '861-626-8044', '4306 Northwestern Place', 'adeblingqv', '2021-11-17', '2021-10-10 00:00:00.000000', NULL, NULL, NULL),
(969, 'Elmore Yeulet', '636-485-5169', '03635 Utah Parkway', 'eyeuletqw', '2021-11-16', '2021-10-05 00:00:00.000000', NULL, NULL, NULL),
(970, 'Alessandra Murdie', '181-334-4390', '98 Glendale Parkway', 'amurdieqx', '2022-02-25', '2021-08-06 00:00:00.000000', NULL, NULL, NULL),
(971, 'Kermy Leacy', '838-636-7313', '64413 Susan Park', 'kleacyqy', '2022-05-29', '2022-03-22 00:00:00.000000', NULL, NULL, NULL),
(972, 'Deane Elwill', '796-928-1924', '1794 Shopko Court', 'delwillqz', '2021-08-22', '2021-12-29 00:00:00.000000', NULL, NULL, NULL),
(973, 'Bunnie McNirlin', '994-836-1549', '97090 Meadow Valley Trail', 'bmcnirlinr0', '2022-05-26', '2021-08-29 00:00:00.000000', NULL, NULL, NULL),
(974, 'Michele Loffill', '657-352-2736', '76833 Schlimgen Road', 'mloffillr1', '2021-09-27', '2021-11-14 00:00:00.000000', NULL, NULL, NULL),
(975, 'Ben Pulham', '900-625-5857', '96 Cody Hill', 'bpulhamr2', '2022-04-19', '2022-02-13 00:00:00.000000', NULL, NULL, NULL),
(976, 'Bernete Itscowicz', '464-621-8068', '61 Bartelt Terrace', 'bitscowiczr3', '2022-04-08', '2021-10-18 00:00:00.000000', NULL, NULL, NULL),
(977, 'Karola Gascoyne', '980-173-0265', '8 Sutteridge Trail', 'kgascoyner4', '2022-01-15', '2021-12-18 00:00:00.000000', NULL, NULL, NULL),
(978, 'Alwin Beyn', '205-578-7540', '82 Pepper Wood Park', 'abeynr5', '2021-07-01', '2021-10-14 00:00:00.000000', NULL, NULL, NULL),
(979, 'Tressa Naisey', '847-582-0012', '095 Waubesa Plaza', 'tnaiseyr6', '2022-02-11', '2022-01-19 00:00:00.000000', NULL, NULL, NULL),
(980, 'Stephenie Tyzack', '986-685-3370', '37014 Crescent Oaks Crossing', 'styzackr7', '2022-04-12', '2022-04-02 00:00:00.000000', NULL, NULL, NULL),
(981, 'Brent Speedy', '938-377-2864', '747 Texas Place', 'bspeedyr8', '2021-11-01', '2021-12-29 00:00:00.000000', NULL, NULL, NULL),
(982, 'Hazel Savege', '309-587-7888', '0 Cascade Hill', 'hsaveger9', '2021-09-10', '2022-05-24 00:00:00.000000', NULL, NULL, NULL),
(983, 'Averil Mc Combe', '255-215-9996', '1 Doe Crossing Lane', 'amcra', '2022-04-26', '2021-10-04 00:00:00.000000', NULL, NULL, NULL),
(984, 'Steven Clutterham', '586-147-6289', '55 Corben Road', 'sclutterhamrb', '2022-03-29', '2021-06-16 00:00:00.000000', NULL, NULL, NULL),
(985, 'Pat Goodbourn', '119-391-2712', '82 Independence Place', 'pgoodbournrc', '2022-02-09', '2022-03-31 00:00:00.000000', NULL, NULL, NULL),
(986, 'Lilli Talton', '362-794-7930', '700 Hudson Street', 'ltaltonrd', '2022-04-10', '2021-11-18 00:00:00.000000', NULL, NULL, NULL),
(987, 'Janos Suddock', '457-192-8777', '227 Hermina Alley', 'jsuddockre', '2022-03-16', '2021-10-28 00:00:00.000000', NULL, NULL, NULL),
(988, 'Marylou Northern', '932-508-6721', '24633 Bobwhite Circle', 'mnorthernrf', '2022-04-03', '2021-06-20 00:00:00.000000', NULL, NULL, NULL),
(989, 'Link Balshaw', '363-558-4728', '7864 Sundown Lane', 'lbalshawrg', '2021-06-20', '2021-09-22 00:00:00.000000', NULL, NULL, NULL),
(990, 'Malory Galloway', '647-220-4880', '438 Muir Hill', 'mgallowayrh', '2021-12-20', '2021-11-16 00:00:00.000000', NULL, NULL, NULL),
(991, 'Martainn Barnewelle', '868-590-0511', '5 Declaration Road', 'mbarnewelleri', '2021-08-16', '2021-07-17 00:00:00.000000', NULL, NULL, NULL),
(992, 'Tommy Godart', '507-747-1113', '148 Clove Terrace', 'tgodartrj', '2021-10-07', '2022-04-29 00:00:00.000000', NULL, NULL, NULL),
(993, 'Pyotr Rubberts', '240-782-7258', '52 Dapin Way', 'prubbertsrk', '2022-01-17', '2021-11-11 00:00:00.000000', NULL, NULL, NULL),
(994, 'Tisha Tirrell', '214-620-2573', '27415 Ridgeview Point', 'ttirrellrl', '2022-02-24', '2021-10-22 00:00:00.000000', NULL, NULL, NULL),
(995, 'Ignacio Pavinese', '994-743-5932', '88 Riverside Point', 'ipavineserm', '2021-11-16', '2021-10-08 00:00:00.000000', NULL, NULL, NULL),
(996, 'Zabrina Shakesby', '459-824-3317', '9269 Hoepker Junction', 'zshakesbyrn', '2022-05-12', '2022-05-05 00:00:00.000000', NULL, NULL, NULL),
(997, 'Tomasina Immings', '311-426-0431', '99439 Bartelt Street', 'timmingsro', '2022-02-22', '2022-03-11 00:00:00.000000', NULL, NULL, NULL),
(998, 'Adelaida Doppler', '916-840-0863', '3694 Lunder Alley', 'adopplerrp', '2021-12-30', '2022-05-10 00:00:00.000000', '2022-06-12 01:27:05.056000', NULL, 1),
(999, 'Bear Parkeson', '424-972-8786', '905 Crowley Road', 'bparkesonrq', '2021-09-29', '2021-07-07 00:00:00.000000', NULL, NULL, NULL),
(1001, 'Amanj', '07504454545', 'Erbil', 'Ali', '2022-06-16', '2022-06-12 01:29:58.703000', '2022-06-12 01:29:58.703000', 1, 1);

-- --------------------------------------------------------

--
-- Table structure for table `files`
--

CREATE TABLE `files` (
  `id` int(10) UNSIGNED NOT NULL,
  `name` varchar(255) DEFAULT NULL,
  `alternative_text` varchar(255) DEFAULT NULL,
  `caption` varchar(255) DEFAULT NULL,
  `width` int(11) DEFAULT NULL,
  `height` int(11) DEFAULT NULL,
  `formats` longtext CHARACTER SET utf8mb4 COLLATE utf8mb4_bin DEFAULT NULL CHECK (json_valid(`formats`)),
  `hash` varchar(255) DEFAULT NULL,
  `ext` varchar(255) DEFAULT NULL,
  `mime` varchar(255) DEFAULT NULL,
  `size` decimal(10,2) DEFAULT NULL,
  `url` varchar(255) DEFAULT NULL,
  `preview_url` varchar(255) DEFAULT NULL,
  `provider` varchar(255) DEFAULT NULL,
  `provider_metadata` longtext CHARACTER SET utf8mb4 COLLATE utf8mb4_bin DEFAULT NULL CHECK (json_valid(`provider_metadata`)),
  `created_at` datetime(6) DEFAULT NULL,
  `updated_at` datetime(6) DEFAULT NULL,
  `created_by_id` int(10) UNSIGNED DEFAULT NULL,
  `updated_by_id` int(10) UNSIGNED DEFAULT NULL
) ENGINE=InnoDB DEFAULT CHARSET=utf8mb4;

-- --------------------------------------------------------

--
-- Table structure for table `files_related_morphs`
--

CREATE TABLE `files_related_morphs` (
  `file_id` int(10) UNSIGNED DEFAULT NULL,
  `related_id` int(10) UNSIGNED DEFAULT NULL,
  `related_type` varchar(255) DEFAULT NULL,
  `field` varchar(255) DEFAULT NULL,
  `order` int(10) UNSIGNED DEFAULT NULL
) ENGINE=InnoDB DEFAULT CHARSET=utf8mb4;

-- --------------------------------------------------------

--
-- Table structure for table `i18n_locale`
--

CREATE TABLE `i18n_locale` (
  `id` int(10) UNSIGNED NOT NULL,
  `name` varchar(255) DEFAULT NULL,
  `code` varchar(255) DEFAULT NULL,
  `created_at` datetime(6) DEFAULT NULL,
  `updated_at` datetime(6) DEFAULT NULL,
  `created_by_id` int(10) UNSIGNED DEFAULT NULL,
  `updated_by_id` int(10) UNSIGNED DEFAULT NULL
) ENGINE=InnoDB DEFAULT CHARSET=utf8mb4;

--
-- Dumping data for table `i18n_locale`
--

INSERT INTO `i18n_locale` (`id`, `name`, `code`, `created_at`, `updated_at`, `created_by_id`, `updated_by_id`) VALUES
(1, 'English (en)', 'en', '2022-05-30 10:53:16.639000', '2022-05-30 10:53:16.639000', NULL, NULL);

-- --------------------------------------------------------

--
-- Table structure for table `labs`
--

CREATE TABLE `labs` (
  `id` int(10) UNSIGNED NOT NULL,
  `lab_name` varchar(255) DEFAULT NULL,
  `created_at` datetime(6) DEFAULT NULL,
  `updated_at` datetime(6) DEFAULT NULL,
  `published_at` datetime(6) DEFAULT NULL,
  `created_by_id` int(10) UNSIGNED DEFAULT NULL,
  `updated_by_id` int(10) UNSIGNED DEFAULT NULL
) ENGINE=InnoDB DEFAULT CHARSET=utf8mb4;

--
-- Dumping data for table `labs`
--

INSERT INTO `labs` (`id`, `lab_name`, `created_at`, `updated_at`, `published_at`, `created_by_id`, `updated_by_id`) VALUES
(1, 'Abu Ahmad', '2022-05-30 11:08:39.751000', '2022-05-30 11:08:40.584000', '2022-05-30 11:08:40.582000', 1, 1);

-- --------------------------------------------------------

--
-- Table structure for table `strapi_api_tokens`
--

CREATE TABLE `strapi_api_tokens` (
  `id` int(10) UNSIGNED NOT NULL,
  `name` varchar(255) DEFAULT NULL,
  `description` varchar(255) DEFAULT NULL,
  `type` varchar(255) DEFAULT NULL,
  `access_key` varchar(255) DEFAULT NULL,
  `created_at` datetime(6) DEFAULT NULL,
  `updated_at` datetime(6) DEFAULT NULL,
  `created_by_id` int(10) UNSIGNED DEFAULT NULL,
  `updated_by_id` int(10) UNSIGNED DEFAULT NULL
) ENGINE=InnoDB DEFAULT CHARSET=utf8mb4;

--
-- Dumping data for table `strapi_api_tokens`
--

INSERT INTO `strapi_api_tokens` (`id`, `name`, `description`, `type`, `access_key`, `created_at`, `updated_at`, `created_by_id`, `updated_by_id`) VALUES
(2, 'token', '', 'full-access', '8aed46b30267b88b9ecb7903d66bb442e73f96f0998be25223df4c477f360e86388f865e2a6006a8616c2179e2feb64df8601cb126a33591dfe3379334fe8d4d', '2022-06-12 01:27:45.703000', '2022-06-12 01:27:45.703000', NULL, NULL);

-- --------------------------------------------------------

--
-- Table structure for table `strapi_core_store_settings`
--

CREATE TABLE `strapi_core_store_settings` (
  `id` int(10) UNSIGNED NOT NULL,
  `key` varchar(255) DEFAULT NULL,
  `value` longtext DEFAULT NULL,
  `type` varchar(255) DEFAULT NULL,
  `environment` varchar(255) DEFAULT NULL,
  `tag` varchar(255) DEFAULT NULL
) ENGINE=InnoDB DEFAULT CHARSET=utf8mb4;

--
-- Dumping data for table `strapi_core_store_settings`
--

INSERT INTO `strapi_core_store_settings` (`id`, `key`, `value`, `type`, `environment`, `tag`) VALUES
(1, 'strapi_content_types_schema', '{\"admin::permission\":{\"collectionName\":\"admin_permissions\",\"info\":{\"name\":\"Permission\",\"description\":\"\",\"singularName\":\"permission\",\"pluralName\":\"permissions\",\"displayName\":\"Permission\"},\"options\":{},\"pluginOptions\":{\"content-manager\":{\"visible\":false},\"content-type-builder\":{\"visible\":false}},\"attributes\":{\"action\":{\"type\":\"string\",\"minLength\":1,\"configurable\":false,\"required\":true},\"subject\":{\"type\":\"string\",\"minLength\":1,\"configurable\":false,\"required\":false},\"properties\":{\"type\":\"json\",\"configurable\":false,\"required\":false,\"default\":{}},\"conditions\":{\"type\":\"json\",\"configurable\":false,\"required\":false,\"default\":[]},\"role\":{\"configurable\":false,\"type\":\"relation\",\"relation\":\"manyToOne\",\"inversedBy\":\"permissions\",\"target\":\"admin::role\"},\"createdAt\":{\"type\":\"datetime\"},\"updatedAt\":{\"type\":\"datetime\"},\"createdBy\":{\"type\":\"relation\",\"relation\":\"oneToOne\",\"target\":\"admin::user\",\"configurable\":false,\"writable\":false,\"visible\":false,\"useJoinTable\":false,\"private\":true},\"updatedBy\":{\"type\":\"relation\",\"relation\":\"oneToOne\",\"target\":\"admin::user\",\"configurable\":false,\"writable\":false,\"visible\":false,\"useJoinTable\":false,\"private\":true}},\"kind\":\"collectionType\",\"__schema__\":{\"collectionName\":\"admin_permissions\",\"info\":{\"name\":\"Permission\",\"description\":\"\",\"singularName\":\"permission\",\"pluralName\":\"permissions\",\"displayName\":\"Permission\"},\"options\":{},\"pluginOptions\":{\"content-manager\":{\"visible\":false},\"content-type-builder\":{\"visible\":false}},\"attributes\":{\"action\":{\"type\":\"string\",\"minLength\":1,\"configurable\":false,\"required\":true},\"subject\":{\"type\":\"string\",\"minLength\":1,\"configurable\":false,\"required\":false},\"properties\":{\"type\":\"json\",\"configurable\":false,\"required\":false,\"default\":{}},\"conditions\":{\"type\":\"json\",\"configurable\":false,\"required\":false,\"default\":[]},\"role\":{\"configurable\":false,\"type\":\"relation\",\"relation\":\"manyToOne\",\"inversedBy\":\"permissions\",\"target\":\"admin::role\"}},\"kind\":\"collectionType\"},\"modelType\":\"contentType\",\"modelName\":\"permission\",\"connection\":\"default\",\"uid\":\"admin::permission\",\"plugin\":\"admin\",\"globalId\":\"AdminPermission\"},\"admin::user\":{\"collectionName\":\"admin_users\",\"info\":{\"name\":\"User\",\"description\":\"\",\"singularName\":\"user\",\"pluralName\":\"users\",\"displayName\":\"User\"},\"pluginOptions\":{\"content-manager\":{\"visible\":false},\"content-type-builder\":{\"visible\":false}},\"attributes\":{\"firstname\":{\"type\":\"string\",\"unique\":false,\"minLength\":1,\"configurable\":false,\"required\":false},\"lastname\":{\"type\":\"string\",\"unique\":false,\"minLength\":1,\"configurable\":false,\"required\":false},\"username\":{\"type\":\"string\",\"unique\":false,\"configurable\":false,\"required\":false},\"email\":{\"type\":\"email\",\"minLength\":6,\"configurable\":false,\"required\":true,\"unique\":true,\"private\":true},\"password\":{\"type\":\"password\",\"minLength\":6,\"configurable\":false,\"required\":false,\"private\":true},\"resetPasswordToken\":{\"type\":\"string\",\"configurable\":false,\"private\":true},\"registrationToken\":{\"type\":\"string\",\"configurable\":false,\"private\":true},\"isActive\":{\"type\":\"boolean\",\"default\":false,\"configurable\":false,\"private\":true},\"roles\":{\"configurable\":false,\"private\":true,\"type\":\"relation\",\"relation\":\"manyToMany\",\"inversedBy\":\"users\",\"target\":\"admin::role\",\"collectionName\":\"strapi_users_roles\"},\"blocked\":{\"type\":\"boolean\",\"default\":false,\"configurable\":false,\"private\":true},\"preferedLanguage\":{\"type\":\"string\",\"configurable\":false,\"required\":false},\"createdAt\":{\"type\":\"datetime\"},\"updatedAt\":{\"type\":\"datetime\"},\"createdBy\":{\"type\":\"relation\",\"relation\":\"oneToOne\",\"target\":\"admin::user\",\"configurable\":false,\"writable\":false,\"visible\":false,\"useJoinTable\":false,\"private\":true},\"updatedBy\":{\"type\":\"relation\",\"relation\":\"oneToOne\",\"target\":\"admin::user\",\"configurable\":false,\"writable\":false,\"visible\":false,\"useJoinTable\":false,\"private\":true}},\"kind\":\"collectionType\",\"__schema__\":{\"collectionName\":\"admin_users\",\"info\":{\"name\":\"User\",\"description\":\"\",\"singularName\":\"user\",\"pluralName\":\"users\",\"displayName\":\"User\"},\"pluginOptions\":{\"content-manager\":{\"visible\":false},\"content-type-builder\":{\"visible\":false}},\"attributes\":{\"firstname\":{\"type\":\"string\",\"unique\":false,\"minLength\":1,\"configurable\":false,\"required\":false},\"lastname\":{\"type\":\"string\",\"unique\":false,\"minLength\":1,\"configurable\":false,\"required\":false},\"username\":{\"type\":\"string\",\"unique\":false,\"configurable\":false,\"required\":false},\"email\":{\"type\":\"email\",\"minLength\":6,\"configurable\":false,\"required\":true,\"unique\":true,\"private\":true},\"password\":{\"type\":\"password\",\"minLength\":6,\"configurable\":false,\"required\":false,\"private\":true},\"resetPasswordToken\":{\"type\":\"string\",\"configurable\":false,\"private\":true},\"registrationToken\":{\"type\":\"string\",\"configurable\":false,\"private\":true},\"isActive\":{\"type\":\"boolean\",\"default\":false,\"configurable\":false,\"private\":true},\"roles\":{\"configurable\":false,\"private\":true,\"type\":\"relation\",\"relation\":\"manyToMany\",\"inversedBy\":\"users\",\"target\":\"admin::role\",\"collectionName\":\"strapi_users_roles\"},\"blocked\":{\"type\":\"boolean\",\"default\":false,\"configurable\":false,\"private\":true},\"preferedLanguage\":{\"type\":\"string\",\"configurable\":false,\"required\":false}},\"kind\":\"collectionType\"},\"modelType\":\"contentType\",\"modelName\":\"user\",\"connection\":\"default\",\"uid\":\"admin::user\",\"plugin\":\"admin\",\"globalId\":\"AdminUser\"},\"admin::role\":{\"collectionName\":\"admin_roles\",\"info\":{\"name\":\"Role\",\"description\":\"\",\"singularName\":\"role\",\"pluralName\":\"roles\",\"displayName\":\"Role\"},\"options\":{},\"pluginOptions\":{\"content-manager\":{\"visible\":false},\"content-type-builder\":{\"visible\":false}},\"attributes\":{\"name\":{\"type\":\"string\",\"minLength\":1,\"unique\":true,\"configurable\":false,\"required\":true},\"code\":{\"type\":\"string\",\"minLength\":1,\"unique\":true,\"configurable\":false,\"required\":true},\"description\":{\"type\":\"string\",\"configurable\":false},\"users\":{\"configurable\":false,\"type\":\"relation\",\"relation\":\"manyToMany\",\"mappedBy\":\"roles\",\"target\":\"admin::user\"},\"permissions\":{\"configurable\":false,\"type\":\"relation\",\"relation\":\"oneToMany\",\"mappedBy\":\"role\",\"target\":\"admin::permission\"},\"createdAt\":{\"type\":\"datetime\"},\"updatedAt\":{\"type\":\"datetime\"},\"createdBy\":{\"type\":\"relation\",\"relation\":\"oneToOne\",\"target\":\"admin::user\",\"configurable\":false,\"writable\":false,\"visible\":false,\"useJoinTable\":false,\"private\":true},\"updatedBy\":{\"type\":\"relation\",\"relation\":\"oneToOne\",\"target\":\"admin::user\",\"configurable\":false,\"writable\":false,\"visible\":false,\"useJoinTable\":false,\"private\":true}},\"kind\":\"collectionType\",\"__schema__\":{\"collectionName\":\"admin_roles\",\"info\":{\"name\":\"Role\",\"description\":\"\",\"singularName\":\"role\",\"pluralName\":\"roles\",\"displayName\":\"Role\"},\"options\":{},\"pluginOptions\":{\"content-manager\":{\"visible\":false},\"content-type-builder\":{\"visible\":false}},\"attributes\":{\"name\":{\"type\":\"string\",\"minLength\":1,\"unique\":true,\"configurable\":false,\"required\":true},\"code\":{\"type\":\"string\",\"minLength\":1,\"unique\":true,\"configurable\":false,\"required\":true},\"description\":{\"type\":\"string\",\"configurable\":false},\"users\":{\"configurable\":false,\"type\":\"relation\",\"relation\":\"manyToMany\",\"mappedBy\":\"roles\",\"target\":\"admin::user\"},\"permissions\":{\"configurable\":false,\"type\":\"relation\",\"relation\":\"oneToMany\",\"mappedBy\":\"role\",\"target\":\"admin::permission\"}},\"kind\":\"collectionType\"},\"modelType\":\"contentType\",\"modelName\":\"role\",\"connection\":\"default\",\"uid\":\"admin::role\",\"plugin\":\"admin\",\"globalId\":\"AdminRole\"},\"admin::api-token\":{\"collectionName\":\"strapi_api_tokens\",\"info\":{\"name\":\"Api Token\",\"singularName\":\"api-token\",\"pluralName\":\"api-tokens\",\"displayName\":\"Api Token\",\"description\":\"\"},\"options\":{},\"pluginOptions\":{\"content-manager\":{\"visible\":false},\"content-type-builder\":{\"visible\":false}},\"attributes\":{\"name\":{\"type\":\"string\",\"minLength\":1,\"configurable\":false,\"required\":true},\"description\":{\"type\":\"string\",\"minLength\":1,\"configurable\":false,\"required\":false,\"default\":\"\"},\"type\":{\"type\":\"enumeration\",\"enum\":[\"read-only\",\"full-access\"],\"configurable\":false,\"required\":false,\"default\":\"read-only\"},\"accessKey\":{\"type\":\"string\",\"minLength\":1,\"configurable\":false,\"required\":true},\"createdAt\":{\"type\":\"datetime\"},\"updatedAt\":{\"type\":\"datetime\"},\"createdBy\":{\"type\":\"relation\",\"relation\":\"oneToOne\",\"target\":\"admin::user\",\"configurable\":false,\"writable\":false,\"visible\":false,\"useJoinTable\":false,\"private\":true},\"updatedBy\":{\"type\":\"relation\",\"relation\":\"oneToOne\",\"target\":\"admin::user\",\"configurable\":false,\"writable\":false,\"visible\":false,\"useJoinTable\":false,\"private\":true}},\"kind\":\"collectionType\",\"__schema__\":{\"collectionName\":\"strapi_api_tokens\",\"info\":{\"name\":\"Api Token\",\"singularName\":\"api-token\",\"pluralName\":\"api-tokens\",\"displayName\":\"Api Token\",\"description\":\"\"},\"options\":{},\"pluginOptions\":{\"content-manager\":{\"visible\":false},\"content-type-builder\":{\"visible\":false}},\"attributes\":{\"name\":{\"type\":\"string\",\"minLength\":1,\"configurable\":false,\"required\":true},\"description\":{\"type\":\"string\",\"minLength\":1,\"configurable\":false,\"required\":false,\"default\":\"\"},\"type\":{\"type\":\"enumeration\",\"enum\":[\"read-only\",\"full-access\"],\"configurable\":false,\"required\":false,\"default\":\"read-only\"},\"accessKey\":{\"type\":\"string\",\"minLength\":1,\"configurable\":false,\"required\":true}},\"kind\":\"collectionType\"},\"modelType\":\"contentType\",\"modelName\":\"api-token\",\"connection\":\"default\",\"uid\":\"admin::api-token\",\"plugin\":\"admin\",\"globalId\":\"AdminApiToken\"},\"plugin::upload.file\":{\"collectionName\":\"files\",\"info\":{\"singularName\":\"file\",\"pluralName\":\"files\",\"displayName\":\"File\",\"description\":\"\"},\"options\":{},\"pluginOptions\":{\"content-manager\":{\"visible\":false},\"content-type-builder\":{\"visible\":false}},\"attributes\":{\"name\":{\"type\":\"string\",\"configurable\":false,\"required\":true},\"alternativeText\":{\"type\":\"string\",\"configurable\":false},\"caption\":{\"type\":\"string\",\"configurable\":false},\"width\":{\"type\":\"integer\",\"configurable\":false},\"height\":{\"type\":\"integer\",\"configurable\":false},\"formats\":{\"type\":\"json\",\"configurable\":false},\"hash\":{\"type\":\"string\",\"configurable\":false,\"required\":true},\"ext\":{\"type\":\"string\",\"configurable\":false},\"mime\":{\"type\":\"string\",\"configurable\":false,\"required\":true},\"size\":{\"type\":\"decimal\",\"configurable\":false,\"required\":true},\"url\":{\"type\":\"string\",\"configurable\":false,\"required\":true},\"previewUrl\":{\"type\":\"string\",\"configurable\":false},\"provider\":{\"type\":\"string\",\"configurable\":false,\"required\":true},\"provider_metadata\":{\"type\":\"json\",\"configurable\":false},\"related\":{\"type\":\"relation\",\"relation\":\"morphToMany\",\"configurable\":false},\"createdAt\":{\"type\":\"datetime\"},\"updatedAt\":{\"type\":\"datetime\"},\"createdBy\":{\"type\":\"relation\",\"relation\":\"oneToOne\",\"target\":\"admin::user\",\"configurable\":false,\"writable\":false,\"visible\":false,\"useJoinTable\":false,\"private\":true},\"updatedBy\":{\"type\":\"relation\",\"relation\":\"oneToOne\",\"target\":\"admin::user\",\"configurable\":false,\"writable\":false,\"visible\":false,\"useJoinTable\":false,\"private\":true}},\"kind\":\"collectionType\",\"__schema__\":{\"collectionName\":\"files\",\"info\":{\"singularName\":\"file\",\"pluralName\":\"files\",\"displayName\":\"File\",\"description\":\"\"},\"options\":{},\"pluginOptions\":{\"content-manager\":{\"visible\":false},\"content-type-builder\":{\"visible\":false}},\"attributes\":{\"name\":{\"type\":\"string\",\"configurable\":false,\"required\":true},\"alternativeText\":{\"type\":\"string\",\"configurable\":false},\"caption\":{\"type\":\"string\",\"configurable\":false},\"width\":{\"type\":\"integer\",\"configurable\":false},\"height\":{\"type\":\"integer\",\"configurable\":false},\"formats\":{\"type\":\"json\",\"configurable\":false},\"hash\":{\"type\":\"string\",\"configurable\":false,\"required\":true},\"ext\":{\"type\":\"string\",\"configurable\":false},\"mime\":{\"type\":\"string\",\"configurable\":false,\"required\":true},\"size\":{\"type\":\"decimal\",\"configurable\":false,\"required\":true},\"url\":{\"type\":\"string\",\"configurable\":false,\"required\":true},\"previewUrl\":{\"type\":\"string\",\"configurable\":false},\"provider\":{\"type\":\"string\",\"configurable\":false,\"required\":true},\"provider_metadata\":{\"type\":\"json\",\"configurable\":false},\"related\":{\"type\":\"relation\",\"relation\":\"morphToMany\",\"configurable\":false}},\"kind\":\"collectionType\"},\"modelType\":\"contentType\",\"modelName\":\"file\",\"connection\":\"default\",\"uid\":\"plugin::upload.file\",\"plugin\":\"upload\",\"globalId\":\"UploadFile\"},\"plugin::i18n.locale\":{\"info\":{\"singularName\":\"locale\",\"pluralName\":\"locales\",\"collectionName\":\"locales\",\"displayName\":\"Locale\",\"description\":\"\"},\"options\":{\"draftAndPublish\":false},\"pluginOptions\":{\"content-manager\":{\"visible\":false},\"content-type-builder\":{\"visible\":false}},\"attributes\":{\"name\":{\"type\":\"string\",\"min\":1,\"max\":50,\"configurable\":false},\"code\":{\"type\":\"string\",\"unique\":true,\"configurable\":false},\"createdAt\":{\"type\":\"datetime\"},\"updatedAt\":{\"type\":\"datetime\"},\"createdBy\":{\"type\":\"relation\",\"relation\":\"oneToOne\",\"target\":\"admin::user\",\"configurable\":false,\"writable\":false,\"visible\":false,\"useJoinTable\":false,\"private\":true},\"updatedBy\":{\"type\":\"relation\",\"relation\":\"oneToOne\",\"target\":\"admin::user\",\"configurable\":false,\"writable\":false,\"visible\":false,\"useJoinTable\":false,\"private\":true}},\"kind\":\"collectionType\",\"__schema__\":{\"info\":{\"singularName\":\"locale\",\"pluralName\":\"locales\",\"collectionName\":\"locales\",\"displayName\":\"Locale\",\"description\":\"\"},\"options\":{\"draftAndPublish\":false},\"pluginOptions\":{\"content-manager\":{\"visible\":false},\"content-type-builder\":{\"visible\":false}},\"attributes\":{\"name\":{\"type\":\"string\",\"min\":1,\"max\":50,\"configurable\":false},\"code\":{\"type\":\"string\",\"unique\":true,\"configurable\":false}},\"kind\":\"collectionType\"},\"modelType\":\"contentType\",\"modelName\":\"locale\",\"connection\":\"default\",\"uid\":\"plugin::i18n.locale\",\"plugin\":\"i18n\",\"collectionName\":\"i18n_locale\",\"globalId\":\"I18NLocale\"},\"plugin::users-permissions.permission\":{\"collectionName\":\"up_permissions\",\"info\":{\"name\":\"permission\",\"description\":\"\",\"singularName\":\"permission\",\"pluralName\":\"permissions\",\"displayName\":\"Permission\"},\"pluginOptions\":{\"content-manager\":{\"visible\":false},\"content-type-builder\":{\"visible\":false}},\"attributes\":{\"action\":{\"type\":\"string\",\"required\":true,\"configurable\":false},\"role\":{\"type\":\"relation\",\"relation\":\"manyToOne\",\"target\":\"plugin::users-permissions.role\",\"inversedBy\":\"permissions\",\"configurable\":false},\"createdAt\":{\"type\":\"datetime\"},\"updatedAt\":{\"type\":\"datetime\"},\"createdBy\":{\"type\":\"relation\",\"relation\":\"oneToOne\",\"target\":\"admin::user\",\"configurable\":false,\"writable\":false,\"visible\":false,\"useJoinTable\":false,\"private\":true},\"updatedBy\":{\"type\":\"relation\",\"relation\":\"oneToOne\",\"target\":\"admin::user\",\"configurable\":false,\"writable\":false,\"visible\":false,\"useJoinTable\":false,\"private\":true}},\"kind\":\"collectionType\",\"__schema__\":{\"collectionName\":\"up_permissions\",\"info\":{\"name\":\"permission\",\"description\":\"\",\"singularName\":\"permission\",\"pluralName\":\"permissions\",\"displayName\":\"Permission\"},\"pluginOptions\":{\"content-manager\":{\"visible\":false},\"content-type-builder\":{\"visible\":false}},\"attributes\":{\"action\":{\"type\":\"string\",\"required\":true,\"configurable\":false},\"role\":{\"type\":\"relation\",\"relation\":\"manyToOne\",\"target\":\"plugin::users-permissions.role\",\"inversedBy\":\"permissions\",\"configurable\":false}},\"kind\":\"collectionType\"},\"modelType\":\"contentType\",\"modelName\":\"permission\",\"connection\":\"default\",\"uid\":\"plugin::users-permissions.permission\",\"plugin\":\"users-permissions\",\"globalId\":\"UsersPermissionsPermission\"},\"plugin::users-permissions.role\":{\"collectionName\":\"up_roles\",\"info\":{\"name\":\"role\",\"description\":\"\",\"singularName\":\"role\",\"pluralName\":\"roles\",\"displayName\":\"Role\"},\"pluginOptions\":{\"content-manager\":{\"visible\":false},\"content-type-builder\":{\"visible\":false}},\"attributes\":{\"name\":{\"type\":\"string\",\"minLength\":3,\"required\":true,\"configurable\":false},\"description\":{\"type\":\"string\",\"configurable\":false},\"type\":{\"type\":\"string\",\"unique\":true,\"configurable\":false},\"permissions\":{\"type\":\"relation\",\"relation\":\"oneToMany\",\"target\":\"plugin::users-permissions.permission\",\"mappedBy\":\"role\",\"configurable\":false},\"users\":{\"type\":\"relation\",\"relation\":\"oneToMany\",\"target\":\"plugin::users-permissions.user\",\"mappedBy\":\"role\",\"configurable\":false},\"createdAt\":{\"type\":\"datetime\"},\"updatedAt\":{\"type\":\"datetime\"},\"createdBy\":{\"type\":\"relation\",\"relation\":\"oneToOne\",\"target\":\"admin::user\",\"configurable\":false,\"writable\":false,\"visible\":false,\"useJoinTable\":false,\"private\":true},\"updatedBy\":{\"type\":\"relation\",\"relation\":\"oneToOne\",\"target\":\"admin::user\",\"configurable\":false,\"writable\":false,\"visible\":false,\"useJoinTable\":false,\"private\":true}},\"kind\":\"collectionType\",\"__schema__\":{\"collectionName\":\"up_roles\",\"info\":{\"name\":\"role\",\"description\":\"\",\"singularName\":\"role\",\"pluralName\":\"roles\",\"displayName\":\"Role\"},\"pluginOptions\":{\"content-manager\":{\"visible\":false},\"content-type-builder\":{\"visible\":false}},\"attributes\":{\"name\":{\"type\":\"string\",\"minLength\":3,\"required\":true,\"configurable\":false},\"description\":{\"type\":\"string\",\"configurable\":false},\"type\":{\"type\":\"string\",\"unique\":true,\"configurable\":false},\"permissions\":{\"type\":\"relation\",\"relation\":\"oneToMany\",\"target\":\"plugin::users-permissions.permission\",\"mappedBy\":\"role\",\"configurable\":false},\"users\":{\"type\":\"relation\",\"relation\":\"oneToMany\",\"target\":\"plugin::users-permissions.user\",\"mappedBy\":\"role\",\"configurable\":false}},\"kind\":\"collectionType\"},\"modelType\":\"contentType\",\"modelName\":\"role\",\"connection\":\"default\",\"uid\":\"plugin::users-permissions.role\",\"plugin\":\"users-permissions\",\"globalId\":\"UsersPermissionsRole\"},\"plugin::users-permissions.user\":{\"collectionName\":\"up_users\",\"info\":{\"name\":\"user\",\"description\":\"\",\"singularName\":\"user\",\"pluralName\":\"users\",\"displayName\":\"User\"},\"options\":{\"draftAndPublish\":false,\"timestamps\":true},\"attributes\":{\"username\":{\"type\":\"string\",\"minLength\":3,\"unique\":true,\"configurable\":false,\"required\":true},\"email\":{\"type\":\"email\",\"minLength\":6,\"configurable\":false,\"required\":true},\"provider\":{\"type\":\"string\",\"configurable\":false},\"password\":{\"type\":\"password\",\"minLength\":6,\"configurable\":false,\"private\":true},\"resetPasswordToken\":{\"type\":\"string\",\"configurable\":false,\"private\":true},\"confirmationToken\":{\"type\":\"string\",\"configurable\":false,\"private\":true},\"confirmed\":{\"type\":\"boolean\",\"default\":false,\"configurable\":false},\"blocked\":{\"type\":\"boolean\",\"default\":false,\"configurable\":false},\"role\":{\"type\":\"relation\",\"relation\":\"manyToOne\",\"target\":\"plugin::users-permissions.role\",\"inversedBy\":\"users\",\"configurable\":false},\"createdAt\":{\"type\":\"datetime\"},\"updatedAt\":{\"type\":\"datetime\"},\"createdBy\":{\"type\":\"relation\",\"relation\":\"oneToOne\",\"target\":\"admin::user\",\"configurable\":false,\"writable\":false,\"visible\":false,\"useJoinTable\":false,\"private\":true},\"updatedBy\":{\"type\":\"relation\",\"relation\":\"oneToOne\",\"target\":\"admin::user\",\"configurable\":false,\"writable\":false,\"visible\":false,\"useJoinTable\":false,\"private\":true}},\"config\":{\"attributes\":{\"resetPasswordToken\":{\"hidden\":true},\"confirmationToken\":{\"hidden\":true},\"provider\":{\"hidden\":true}}},\"kind\":\"collectionType\",\"__schema__\":{\"collectionName\":\"up_users\",\"info\":{\"name\":\"user\",\"description\":\"\",\"singularName\":\"user\",\"pluralName\":\"users\",\"displayName\":\"User\"},\"options\":{\"draftAndPublish\":false,\"timestamps\":true},\"attributes\":{\"username\":{\"type\":\"string\",\"minLength\":3,\"unique\":true,\"configurable\":false,\"required\":true},\"email\":{\"type\":\"email\",\"minLength\":6,\"configurable\":false,\"required\":true},\"provider\":{\"type\":\"string\",\"configurable\":false},\"password\":{\"type\":\"password\",\"minLength\":6,\"configurable\":false,\"private\":true},\"resetPasswordToken\":{\"type\":\"string\",\"configurable\":false,\"private\":true},\"confirmationToken\":{\"type\":\"string\",\"configurable\":false,\"private\":true},\"confirmed\":{\"type\":\"boolean\",\"default\":false,\"configurable\":false},\"blocked\":{\"type\":\"boolean\",\"default\":false,\"configurable\":false},\"role\":{\"type\":\"relation\",\"relation\":\"manyToOne\",\"target\":\"plugin::users-permissions.role\",\"inversedBy\":\"users\",\"configurable\":false}},\"kind\":\"collectionType\"},\"modelType\":\"contentType\",\"modelName\":\"user\",\"connection\":\"default\",\"uid\":\"plugin::users-permissions.user\",\"plugin\":\"users-permissions\",\"globalId\":\"UsersPermissionsUser\"},\"api::case.case\":{\"kind\":\"collectionType\",\"collectionName\":\"cases\",\"info\":{\"singularName\":\"case\",\"pluralName\":\"cases\",\"displayName\":\"Case\",\"description\":\"\"},\"options\":{\"draftAndPublish\":true},\"pluginOptions\":{},\"attributes\":{\"patientName\":{\"type\":\"string\",\"required\":true},\"material\":{\"type\":\"string\",\"required\":true},\"type\":{\"type\":\"string\"},\"shade\":{\"type\":\"string\"},\"units\":{\"type\":\"json\"},\"finishDate\":{\"type\":\"date\",\"required\":false},\"lab\":{\"type\":\"relation\",\"relation\":\"manyToOne\",\"target\":\"api::lab.lab\",\"inversedBy\":\"cases\"},\"doctor\":{\"type\":\"relation\",\"relation\":\"manyToOne\",\"target\":\"api::doctor.doctor\",\"inversedBy\":\"cases\"},\"createdAt\":{\"type\":\"datetime\"},\"updatedAt\":{\"type\":\"datetime\"},\"publishedAt\":{\"type\":\"datetime\",\"configurable\":false,\"writable\":true,\"visible\":false},\"createdBy\":{\"type\":\"relation\",\"relation\":\"oneToOne\",\"target\":\"admin::user\",\"configurable\":false,\"writable\":false,\"visible\":false,\"useJoinTable\":false,\"private\":true},\"updatedBy\":{\"type\":\"relation\",\"relation\":\"oneToOne\",\"target\":\"admin::user\",\"configurable\":false,\"writable\":false,\"visible\":false,\"useJoinTable\":false,\"private\":true}},\"__schema__\":{\"collectionName\":\"cases\",\"info\":{\"singularName\":\"case\",\"pluralName\":\"cases\",\"displayName\":\"Case\",\"description\":\"\"},\"options\":{\"draftAndPublish\":true},\"pluginOptions\":{},\"attributes\":{\"patientName\":{\"type\":\"string\",\"required\":true},\"material\":{\"type\":\"string\",\"required\":true},\"type\":{\"type\":\"string\"},\"shade\":{\"type\":\"string\"},\"units\":{\"type\":\"json\"},\"finishDate\":{\"type\":\"date\",\"required\":false},\"lab\":{\"type\":\"relation\",\"relation\":\"manyToOne\",\"target\":\"api::lab.lab\",\"inversedBy\":\"cases\"},\"doctor\":{\"type\":\"relation\",\"relation\":\"manyToOne\",\"target\":\"api::doctor.doctor\",\"inversedBy\":\"cases\"}},\"kind\":\"collectionType\"},\"modelType\":\"contentType\",\"modelName\":\"case\",\"connection\":\"default\",\"uid\":\"api::case.case\",\"apiName\":\"case\",\"globalId\":\"Case\",\"actions\":{},\"lifecycles\":{}},\"api::cost.cost\":{\"kind\":\"collectionType\",\"collectionName\":\"costs\",\"info\":{\"singularName\":\"cost\",\"pluralName\":\"costs\",\"displayName\":\"Cost\"},\"options\":{\"draftAndPublish\":true},\"pluginOptions\":{},\"attributes\":{\"item\":{\"type\":\"string\",\"required\":true},\"price\":{\"type\":\"integer\",\"required\":true},\"payed\":{\"type\":\"boolean\",\"default\":false},\"loan\":{\"type\":\"boolean\",\"default\":false},\"createdAt\":{\"type\":\"datetime\"},\"updatedAt\":{\"type\":\"datetime\"},\"publishedAt\":{\"type\":\"datetime\",\"configurable\":false,\"writable\":true,\"visible\":false},\"createdBy\":{\"type\":\"relation\",\"relation\":\"oneToOne\",\"target\":\"admin::user\",\"configurable\":false,\"writable\":false,\"visible\":false,\"useJoinTable\":false,\"private\":true},\"updatedBy\":{\"type\":\"relation\",\"relation\":\"oneToOne\",\"target\":\"admin::user\",\"configurable\":false,\"writable\":false,\"visible\":false,\"useJoinTable\":false,\"private\":true}},\"__schema__\":{\"collectionName\":\"costs\",\"info\":{\"singularName\":\"cost\",\"pluralName\":\"costs\",\"displayName\":\"Cost\"},\"options\":{\"draftAndPublish\":true},\"pluginOptions\":{},\"attributes\":{\"item\":{\"type\":\"string\",\"required\":true},\"price\":{\"type\":\"integer\",\"required\":true},\"payed\":{\"type\":\"boolean\",\"default\":false},\"loan\":{\"type\":\"boolean\",\"default\":false}},\"kind\":\"collectionType\"},\"modelType\":\"contentType\",\"modelName\":\"cost\",\"connection\":\"default\",\"uid\":\"api::cost.cost\",\"apiName\":\"cost\",\"globalId\":\"Cost\",\"actions\":{},\"lifecycles\":{}},\"api::doctor.doctor\":{\"kind\":\"collectionType\",\"collectionName\":\"doctors\",\"info\":{\"singularName\":\"doctor\",\"pluralName\":\"doctors\",\"displayName\":\"Doctor\",\"description\":\"\"},\"options\":{\"draftAndPublish\":false},\"pluginOptions\":{},\"attributes\":{\"doctorName\":{\"type\":\"string\",\"required\":true},\"phone\":{\"type\":\"string\",\"required\":true},\"location\":{\"type\":\"string\",\"required\":true},\"comeBy\":{\"type\":\"string\"},\"joinAt\":{\"type\":\"date\"},\"cases\":{\"type\":\"relation\",\"relation\":\"oneToMany\",\"target\":\"api::case.case\",\"mappedBy\":\"doctor\"},\"createdAt\":{\"type\":\"datetime\"},\"updatedAt\":{\"type\":\"datetime\"},\"createdBy\":{\"type\":\"relation\",\"relation\":\"oneToOne\",\"target\":\"admin::user\",\"configurable\":false,\"writable\":false,\"visible\":false,\"useJoinTable\":false,\"private\":true},\"updatedBy\":{\"type\":\"relation\",\"relation\":\"oneToOne\",\"target\":\"admin::user\",\"configurable\":false,\"writable\":false,\"visible\":false,\"useJoinTable\":false,\"private\":true}},\"__schema__\":{\"collectionName\":\"doctors\",\"info\":{\"singularName\":\"doctor\",\"pluralName\":\"doctors\",\"displayName\":\"Doctor\",\"description\":\"\"},\"options\":{\"draftAndPublish\":false},\"pluginOptions\":{},\"attributes\":{\"doctorName\":{\"type\":\"string\",\"required\":true},\"phone\":{\"type\":\"string\",\"required\":true},\"location\":{\"type\":\"string\",\"required\":true},\"comeBy\":{\"type\":\"string\"},\"joinAt\":{\"type\":\"date\"},\"cases\":{\"type\":\"relation\",\"relation\":\"oneToMany\",\"target\":\"api::case.case\",\"mappedBy\":\"doctor\"}},\"kind\":\"collectionType\"},\"modelType\":\"contentType\",\"modelName\":\"doctor\",\"connection\":\"default\",\"uid\":\"api::doctor.doctor\",\"apiName\":\"doctor\",\"globalId\":\"Doctor\",\"actions\":{},\"lifecycles\":{}},\"api::lab.lab\":{\"kind\":\"collectionType\",\"collectionName\":\"labs\",\"info\":{\"singularName\":\"lab\",\"pluralName\":\"labs\",\"displayName\":\"Lab\",\"description\":\"\"},\"options\":{\"draftAndPublish\":true},\"pluginOptions\":{},\"attributes\":{\"labName\":{\"type\":\"string\",\"required\":true},\"cases\":{\"type\":\"relation\",\"relation\":\"oneToMany\",\"target\":\"api::case.case\",\"mappedBy\":\"lab\"},\"createdAt\":{\"type\":\"datetime\"},\"updatedAt\":{\"type\":\"datetime\"},\"publishedAt\":{\"type\":\"datetime\",\"configurable\":false,\"writable\":true,\"visible\":false},\"createdBy\":{\"type\":\"relation\",\"relation\":\"oneToOne\",\"target\":\"admin::user\",\"configurable\":false,\"writable\":false,\"visible\":false,\"useJoinTable\":false,\"private\":true},\"updatedBy\":{\"type\":\"relation\",\"relation\":\"oneToOne\",\"target\":\"admin::user\",\"configurable\":false,\"writable\":false,\"visible\":false,\"useJoinTable\":false,\"private\":true}},\"__schema__\":{\"collectionName\":\"labs\",\"info\":{\"singularName\":\"lab\",\"pluralName\":\"labs\",\"displayName\":\"Lab\",\"description\":\"\"},\"options\":{\"draftAndPublish\":true},\"pluginOptions\":{},\"attributes\":{\"labName\":{\"type\":\"string\",\"required\":true},\"cases\":{\"type\":\"relation\",\"relation\":\"oneToMany\",\"target\":\"api::case.case\",\"mappedBy\":\"lab\"}},\"kind\":\"collectionType\"},\"modelType\":\"contentType\",\"modelName\":\"lab\",\"connection\":\"default\",\"uid\":\"api::lab.lab\",\"apiName\":\"lab\",\"globalId\":\"Lab\",\"actions\":{},\"lifecycles\":{}}}', 'object', NULL, NULL),
(2, 'plugin_content_manager_configuration_content_types::admin::permission', '{\"uid\":\"admin::permission\",\"settings\":{\"bulkable\":true,\"filterable\":true,\"searchable\":true,\"pageSize\":10,\"mainField\":\"action\",\"defaultSortBy\":\"action\",\"defaultSortOrder\":\"ASC\"},\"metadatas\":{\"id\":{\"edit\":{},\"list\":{\"label\":\"id\",\"searchable\":true,\"sortable\":true}},\"action\":{\"edit\":{\"label\":\"action\",\"description\":\"\",\"placeholder\":\"\",\"visible\":true,\"editable\":true},\"list\":{\"label\":\"action\",\"searchable\":true,\"sortable\":true}},\"subject\":{\"edit\":{\"label\":\"subject\",\"description\":\"\",\"placeholder\":\"\",\"visible\":true,\"editable\":true},\"list\":{\"label\":\"subject\",\"searchable\":true,\"sortable\":true}},\"properties\":{\"edit\":{\"label\":\"properties\",\"description\":\"\",\"placeholder\":\"\",\"visible\":true,\"editable\":true},\"list\":{\"label\":\"properties\",\"searchable\":false,\"sortable\":false}},\"conditions\":{\"edit\":{\"label\":\"conditions\",\"description\":\"\",\"placeholder\":\"\",\"visible\":true,\"editable\":true},\"list\":{\"label\":\"conditions\",\"searchable\":false,\"sortable\":false}},\"role\":{\"edit\":{\"label\":\"role\",\"description\":\"\",\"placeholder\":\"\",\"visible\":true,\"editable\":true,\"mainField\":\"name\"},\"list\":{\"label\":\"role\",\"searchable\":true,\"sortable\":true}},\"createdAt\":{\"edit\":{\"label\":\"createdAt\",\"description\":\"\",\"placeholder\":\"\",\"visible\":false,\"editable\":true},\"list\":{\"label\":\"createdAt\",\"searchable\":true,\"sortable\":true}},\"updatedAt\":{\"edit\":{\"label\":\"updatedAt\",\"description\":\"\",\"placeholder\":\"\",\"visible\":false,\"editable\":true},\"list\":{\"label\":\"updatedAt\",\"searchable\":true,\"sortable\":true}}},\"layouts\":{\"list\":[\"id\",\"action\",\"subject\",\"role\"],\"editRelations\":[\"role\"],\"edit\":[[{\"name\":\"action\",\"size\":6},{\"name\":\"subject\",\"size\":6}],[{\"name\":\"properties\",\"size\":12}],[{\"name\":\"conditions\",\"size\":12}]]}}', 'object', NULL, NULL),
(3, 'plugin_content_manager_configuration_content_types::admin::user', '{\"uid\":\"admin::user\",\"settings\":{\"bulkable\":true,\"filterable\":true,\"searchable\":true,\"pageSize\":10,\"mainField\":\"firstname\",\"defaultSortBy\":\"firstname\",\"defaultSortOrder\":\"ASC\"},\"metadatas\":{\"id\":{\"edit\":{},\"list\":{\"label\":\"id\",\"searchable\":true,\"sortable\":true}},\"firstname\":{\"edit\":{\"label\":\"firstname\",\"description\":\"\",\"placeholder\":\"\",\"visible\":true,\"editable\":true},\"list\":{\"label\":\"firstname\",\"searchable\":true,\"sortable\":true}},\"lastname\":{\"edit\":{\"label\":\"lastname\",\"description\":\"\",\"placeholder\":\"\",\"visible\":true,\"editable\":true},\"list\":{\"label\":\"lastname\",\"searchable\":true,\"sortable\":true}},\"username\":{\"edit\":{\"label\":\"username\",\"description\":\"\",\"placeholder\":\"\",\"visible\":true,\"editable\":true},\"list\":{\"label\":\"username\",\"searchable\":true,\"sortable\":true}},\"email\":{\"edit\":{\"label\":\"email\",\"description\":\"\",\"placeholder\":\"\",\"visible\":true,\"editable\":true},\"list\":{\"label\":\"email\",\"searchable\":true,\"sortable\":true}},\"password\":{\"edit\":{\"label\":\"password\",\"description\":\"\",\"placeholder\":\"\",\"visible\":true,\"editable\":true},\"list\":{\"label\":\"password\",\"searchable\":true,\"sortable\":true}},\"resetPasswordToken\":{\"edit\":{\"label\":\"resetPasswordToken\",\"description\":\"\",\"placeholder\":\"\",\"visible\":true,\"editable\":true},\"list\":{\"label\":\"resetPasswordToken\",\"searchable\":true,\"sortable\":true}},\"registrationToken\":{\"edit\":{\"label\":\"registrationToken\",\"description\":\"\",\"placeholder\":\"\",\"visible\":true,\"editable\":true},\"list\":{\"label\":\"registrationToken\",\"searchable\":true,\"sortable\":true}},\"isActive\":{\"edit\":{\"label\":\"isActive\",\"description\":\"\",\"placeholder\":\"\",\"visible\":true,\"editable\":true},\"list\":{\"label\":\"isActive\",\"searchable\":true,\"sortable\":true}},\"roles\":{\"edit\":{\"label\":\"roles\",\"description\":\"\",\"placeholder\":\"\",\"visible\":true,\"editable\":true,\"mainField\":\"name\"},\"list\":{\"label\":\"roles\",\"searchable\":false,\"sortable\":false}},\"blocked\":{\"edit\":{\"label\":\"blocked\",\"description\":\"\",\"placeholder\":\"\",\"visible\":true,\"editable\":true},\"list\":{\"label\":\"blocked\",\"searchable\":true,\"sortable\":true}},\"preferedLanguage\":{\"edit\":{\"label\":\"preferedLanguage\",\"description\":\"\",\"placeholder\":\"\",\"visible\":true,\"editable\":true},\"list\":{\"label\":\"preferedLanguage\",\"searchable\":true,\"sortable\":true}},\"createdAt\":{\"edit\":{\"label\":\"createdAt\",\"description\":\"\",\"placeholder\":\"\",\"visible\":false,\"editable\":true},\"list\":{\"label\":\"createdAt\",\"searchable\":true,\"sortable\":true}},\"updatedAt\":{\"edit\":{\"label\":\"updatedAt\",\"description\":\"\",\"placeholder\":\"\",\"visible\":false,\"editable\":true},\"list\":{\"label\":\"updatedAt\",\"searchable\":true,\"sortable\":true}}},\"layouts\":{\"list\":[\"id\",\"firstname\",\"lastname\",\"username\"],\"editRelations\":[\"roles\"],\"edit\":[[{\"name\":\"firstname\",\"size\":6},{\"name\":\"lastname\",\"size\":6}],[{\"name\":\"username\",\"size\":6},{\"name\":\"email\",\"size\":6}],[{\"name\":\"password\",\"size\":6},{\"name\":\"resetPasswordToken\",\"size\":6}],[{\"name\":\"registrationToken\",\"size\":6},{\"name\":\"isActive\",\"size\":4}],[{\"name\":\"blocked\",\"size\":4},{\"name\":\"preferedLanguage\",\"size\":6}]]}}', 'object', NULL, NULL),
(4, 'plugin_content_manager_configuration_content_types::admin::api-token', '{\"uid\":\"admin::api-token\",\"settings\":{\"bulkable\":true,\"filterable\":true,\"searchable\":true,\"pageSize\":10,\"mainField\":\"name\",\"defaultSortBy\":\"name\",\"defaultSortOrder\":\"ASC\"},\"metadatas\":{\"id\":{\"edit\":{},\"list\":{\"label\":\"id\",\"searchable\":true,\"sortable\":true}},\"name\":{\"edit\":{\"label\":\"name\",\"description\":\"\",\"placeholder\":\"\",\"visible\":true,\"editable\":true},\"list\":{\"label\":\"name\",\"searchable\":true,\"sortable\":true}},\"description\":{\"edit\":{\"label\":\"description\",\"description\":\"\",\"placeholder\":\"\",\"visible\":true,\"editable\":true},\"list\":{\"label\":\"description\",\"searchable\":true,\"sortable\":true}},\"type\":{\"edit\":{\"label\":\"type\",\"description\":\"\",\"placeholder\":\"\",\"visible\":true,\"editable\":true},\"list\":{\"label\":\"type\",\"searchable\":true,\"sortable\":true}},\"accessKey\":{\"edit\":{\"label\":\"accessKey\",\"description\":\"\",\"placeholder\":\"\",\"visible\":true,\"editable\":true},\"list\":{\"label\":\"accessKey\",\"searchable\":true,\"sortable\":true}},\"createdAt\":{\"edit\":{\"label\":\"createdAt\",\"description\":\"\",\"placeholder\":\"\",\"visible\":false,\"editable\":true},\"list\":{\"label\":\"createdAt\",\"searchable\":true,\"sortable\":true}},\"updatedAt\":{\"edit\":{\"label\":\"updatedAt\",\"description\":\"\",\"placeholder\":\"\",\"visible\":false,\"editable\":true},\"list\":{\"label\":\"updatedAt\",\"searchable\":true,\"sortable\":true}}},\"layouts\":{\"list\":[\"id\",\"name\",\"description\",\"type\"],\"editRelations\":[],\"edit\":[[{\"name\":\"name\",\"size\":6},{\"name\":\"description\",\"size\":6}],[{\"name\":\"type\",\"size\":6},{\"name\":\"accessKey\",\"size\":6}]]}}', 'object', NULL, NULL),
(5, 'plugin_content_manager_configuration_content_types::plugin::upload.file', '{\"uid\":\"plugin::upload.file\",\"settings\":{\"bulkable\":true,\"filterable\":true,\"searchable\":true,\"pageSize\":10,\"mainField\":\"name\",\"defaultSortBy\":\"name\",\"defaultSortOrder\":\"ASC\"},\"metadatas\":{\"id\":{\"edit\":{},\"list\":{\"label\":\"id\",\"searchable\":true,\"sortable\":true}},\"name\":{\"edit\":{\"label\":\"name\",\"description\":\"\",\"placeholder\":\"\",\"visible\":true,\"editable\":true},\"list\":{\"label\":\"name\",\"searchable\":true,\"sortable\":true}},\"alternativeText\":{\"edit\":{\"label\":\"alternativeText\",\"description\":\"\",\"placeholder\":\"\",\"visible\":true,\"editable\":true},\"list\":{\"label\":\"alternativeText\",\"searchable\":true,\"sortable\":true}},\"caption\":{\"edit\":{\"label\":\"caption\",\"description\":\"\",\"placeholder\":\"\",\"visible\":true,\"editable\":true},\"list\":{\"label\":\"caption\",\"searchable\":true,\"sortable\":true}},\"width\":{\"edit\":{\"label\":\"width\",\"description\":\"\",\"placeholder\":\"\",\"visible\":true,\"editable\":true},\"list\":{\"label\":\"width\",\"searchable\":true,\"sortable\":true}},\"height\":{\"edit\":{\"label\":\"height\",\"description\":\"\",\"placeholder\":\"\",\"visible\":true,\"editable\":true},\"list\":{\"label\":\"height\",\"searchable\":true,\"sortable\":true}},\"formats\":{\"edit\":{\"label\":\"formats\",\"description\":\"\",\"placeholder\":\"\",\"visible\":true,\"editable\":true},\"list\":{\"label\":\"formats\",\"searchable\":false,\"sortable\":false}},\"hash\":{\"edit\":{\"label\":\"hash\",\"description\":\"\",\"placeholder\":\"\",\"visible\":true,\"editable\":true},\"list\":{\"label\":\"hash\",\"searchable\":true,\"sortable\":true}},\"ext\":{\"edit\":{\"label\":\"ext\",\"description\":\"\",\"placeholder\":\"\",\"visible\":true,\"editable\":true},\"list\":{\"label\":\"ext\",\"searchable\":true,\"sortable\":true}},\"mime\":{\"edit\":{\"label\":\"mime\",\"description\":\"\",\"placeholder\":\"\",\"visible\":true,\"editable\":true},\"list\":{\"label\":\"mime\",\"searchable\":true,\"sortable\":true}},\"size\":{\"edit\":{\"label\":\"size\",\"description\":\"\",\"placeholder\":\"\",\"visible\":true,\"editable\":true},\"list\":{\"label\":\"size\",\"searchable\":true,\"sortable\":true}},\"url\":{\"edit\":{\"label\":\"url\",\"description\":\"\",\"placeholder\":\"\",\"visible\":true,\"editable\":true},\"list\":{\"label\":\"url\",\"searchable\":true,\"sortable\":true}},\"previewUrl\":{\"edit\":{\"label\":\"previewUrl\",\"description\":\"\",\"placeholder\":\"\",\"visible\":true,\"editable\":true},\"list\":{\"label\":\"previewUrl\",\"searchable\":true,\"sortable\":true}},\"provider\":{\"edit\":{\"label\":\"provider\",\"description\":\"\",\"placeholder\":\"\",\"visible\":true,\"editable\":true},\"list\":{\"label\":\"provider\",\"searchable\":true,\"sortable\":true}},\"provider_metadata\":{\"edit\":{\"label\":\"provider_metadata\",\"description\":\"\",\"placeholder\":\"\",\"visible\":true,\"editable\":true},\"list\":{\"label\":\"provider_metadata\",\"searchable\":false,\"sortable\":false}},\"createdAt\":{\"edit\":{\"label\":\"createdAt\",\"description\":\"\",\"placeholder\":\"\",\"visible\":false,\"editable\":true},\"list\":{\"label\":\"createdAt\",\"searchable\":true,\"sortable\":true}},\"updatedAt\":{\"edit\":{\"label\":\"updatedAt\",\"description\":\"\",\"placeholder\":\"\",\"visible\":false,\"editable\":true},\"list\":{\"label\":\"updatedAt\",\"searchable\":true,\"sortable\":true}}},\"layouts\":{\"list\":[\"id\",\"name\",\"alternativeText\",\"caption\"],\"editRelations\":[],\"edit\":[[{\"name\":\"name\",\"size\":6},{\"name\":\"alternativeText\",\"size\":6}],[{\"name\":\"caption\",\"size\":6},{\"name\":\"width\",\"size\":4}],[{\"name\":\"height\",\"size\":4}],[{\"name\":\"formats\",\"size\":12}],[{\"name\":\"hash\",\"size\":6},{\"name\":\"ext\",\"size\":6}],[{\"name\":\"mime\",\"size\":6},{\"name\":\"size\",\"size\":4}],[{\"name\":\"url\",\"size\":6},{\"name\":\"previewUrl\",\"size\":6}],[{\"name\":\"provider\",\"size\":6}],[{\"name\":\"provider_metadata\",\"size\":12}]]}}', 'object', NULL, NULL),
(6, 'plugin_content_manager_configuration_content_types::plugin::i18n.locale', '{\"uid\":\"plugin::i18n.locale\",\"settings\":{\"bulkable\":true,\"filterable\":true,\"searchable\":true,\"pageSize\":10,\"mainField\":\"name\",\"defaultSortBy\":\"name\",\"defaultSortOrder\":\"ASC\"},\"metadatas\":{\"id\":{\"edit\":{},\"list\":{\"label\":\"id\",\"searchable\":true,\"sortable\":true}},\"name\":{\"edit\":{\"label\":\"name\",\"description\":\"\",\"placeholder\":\"\",\"visible\":true,\"editable\":true},\"list\":{\"label\":\"name\",\"searchable\":true,\"sortable\":true}},\"code\":{\"edit\":{\"label\":\"code\",\"description\":\"\",\"placeholder\":\"\",\"visible\":true,\"editable\":true},\"list\":{\"label\":\"code\",\"searchable\":true,\"sortable\":true}},\"createdAt\":{\"edit\":{\"label\":\"createdAt\",\"description\":\"\",\"placeholder\":\"\",\"visible\":false,\"editable\":true},\"list\":{\"label\":\"createdAt\",\"searchable\":true,\"sortable\":true}},\"updatedAt\":{\"edit\":{\"label\":\"updatedAt\",\"description\":\"\",\"placeholder\":\"\",\"visible\":false,\"editable\":true},\"list\":{\"label\":\"updatedAt\",\"searchable\":true,\"sortable\":true}}},\"layouts\":{\"list\":[\"id\",\"name\",\"code\",\"createdAt\"],\"editRelations\":[],\"edit\":[[{\"name\":\"name\",\"size\":6},{\"name\":\"code\",\"size\":6}]]}}', 'object', NULL, NULL),
(7, 'plugin_content_manager_configuration_content_types::admin::role', '{\"uid\":\"admin::role\",\"settings\":{\"bulkable\":true,\"filterable\":true,\"searchable\":true,\"pageSize\":10,\"mainField\":\"name\",\"defaultSortBy\":\"name\",\"defaultSortOrder\":\"ASC\"},\"metadatas\":{\"id\":{\"edit\":{},\"list\":{\"label\":\"id\",\"searchable\":true,\"sortable\":true}},\"name\":{\"edit\":{\"label\":\"name\",\"description\":\"\",\"placeholder\":\"\",\"visible\":true,\"editable\":true},\"list\":{\"label\":\"name\",\"searchable\":true,\"sortable\":true}},\"code\":{\"edit\":{\"label\":\"code\",\"description\":\"\",\"placeholder\":\"\",\"visible\":true,\"editable\":true},\"list\":{\"label\":\"code\",\"searchable\":true,\"sortable\":true}},\"description\":{\"edit\":{\"label\":\"description\",\"description\":\"\",\"placeholder\":\"\",\"visible\":true,\"editable\":true},\"list\":{\"label\":\"description\",\"searchable\":true,\"sortable\":true}},\"users\":{\"edit\":{\"label\":\"users\",\"description\":\"\",\"placeholder\":\"\",\"visible\":true,\"editable\":true,\"mainField\":\"firstname\"},\"list\":{\"label\":\"users\",\"searchable\":false,\"sortable\":false}},\"permissions\":{\"edit\":{\"label\":\"permissions\",\"description\":\"\",\"placeholder\":\"\",\"visible\":true,\"editable\":true,\"mainField\":\"action\"},\"list\":{\"label\":\"permissions\",\"searchable\":false,\"sortable\":false}},\"createdAt\":{\"edit\":{\"label\":\"createdAt\",\"description\":\"\",\"placeholder\":\"\",\"visible\":false,\"editable\":true},\"list\":{\"label\":\"createdAt\",\"searchable\":true,\"sortable\":true}},\"updatedAt\":{\"edit\":{\"label\":\"updatedAt\",\"description\":\"\",\"placeholder\":\"\",\"visible\":false,\"editable\":true},\"list\":{\"label\":\"updatedAt\",\"searchable\":true,\"sortable\":true}}},\"layouts\":{\"list\":[\"id\",\"name\",\"code\",\"description\"],\"editRelations\":[\"users\",\"permissions\"],\"edit\":[[{\"name\":\"name\",\"size\":6},{\"name\":\"code\",\"size\":6}],[{\"name\":\"description\",\"size\":6}]]}}', 'object', NULL, NULL),
(8, 'plugin_content_manager_configuration_content_types::api::cost.cost', '{\"uid\":\"api::cost.cost\",\"settings\":{\"bulkable\":true,\"filterable\":true,\"searchable\":true,\"pageSize\":10,\"mainField\":\"item\",\"defaultSortBy\":\"item\",\"defaultSortOrder\":\"ASC\"},\"metadatas\":{\"id\":{\"edit\":{},\"list\":{\"label\":\"id\",\"searchable\":true,\"sortable\":true}},\"item\":{\"edit\":{\"label\":\"item\",\"description\":\"\",\"placeholder\":\"\",\"visible\":true,\"editable\":true},\"list\":{\"label\":\"item\",\"searchable\":true,\"sortable\":true}},\"price\":{\"edit\":{\"label\":\"price\",\"description\":\"\",\"placeholder\":\"\",\"visible\":true,\"editable\":true},\"list\":{\"label\":\"price\",\"searchable\":true,\"sortable\":true}},\"payed\":{\"edit\":{\"label\":\"payed\",\"description\":\"\",\"placeholder\":\"\",\"visible\":true,\"editable\":true},\"list\":{\"label\":\"payed\",\"searchable\":true,\"sortable\":true}},\"loan\":{\"edit\":{\"label\":\"loan\",\"description\":\"\",\"placeholder\":\"\",\"visible\":true,\"editable\":true},\"list\":{\"label\":\"loan\",\"searchable\":true,\"sortable\":true}},\"createdAt\":{\"edit\":{\"label\":\"createdAt\",\"description\":\"\",\"placeholder\":\"\",\"visible\":false,\"editable\":true},\"list\":{\"label\":\"createdAt\",\"searchable\":true,\"sortable\":true}},\"updatedAt\":{\"edit\":{\"label\":\"updatedAt\",\"description\":\"\",\"placeholder\":\"\",\"visible\":false,\"editable\":true},\"list\":{\"label\":\"updatedAt\",\"searchable\":true,\"sortable\":true}}},\"layouts\":{\"list\":[\"id\",\"item\",\"price\",\"payed\"],\"editRelations\":[],\"edit\":[[{\"name\":\"item\",\"size\":6},{\"name\":\"price\",\"size\":4}],[{\"name\":\"payed\",\"size\":4},{\"name\":\"loan\",\"size\":4}]]}}', 'object', NULL, NULL),
(9, 'plugin_content_manager_configuration_content_types::plugin::users-permissions.permission', '{\"uid\":\"plugin::users-permissions.permission\",\"settings\":{\"bulkable\":true,\"filterable\":true,\"searchable\":true,\"pageSize\":10,\"mainField\":\"action\",\"defaultSortBy\":\"action\",\"defaultSortOrder\":\"ASC\"},\"metadatas\":{\"id\":{\"edit\":{},\"list\":{\"label\":\"id\",\"searchable\":true,\"sortable\":true}},\"action\":{\"edit\":{\"label\":\"action\",\"description\":\"\",\"placeholder\":\"\",\"visible\":true,\"editable\":true},\"list\":{\"label\":\"action\",\"searchable\":true,\"sortable\":true}},\"role\":{\"edit\":{\"label\":\"role\",\"description\":\"\",\"placeholder\":\"\",\"visible\":true,\"editable\":true,\"mainField\":\"name\"},\"list\":{\"label\":\"role\",\"searchable\":true,\"sortable\":true}},\"createdAt\":{\"edit\":{\"label\":\"createdAt\",\"description\":\"\",\"placeholder\":\"\",\"visible\":false,\"editable\":true},\"list\":{\"label\":\"createdAt\",\"searchable\":true,\"sortable\":true}},\"updatedAt\":{\"edit\":{\"label\":\"updatedAt\",\"description\":\"\",\"placeholder\":\"\",\"visible\":false,\"editable\":true},\"list\":{\"label\":\"updatedAt\",\"searchable\":true,\"sortable\":true}}},\"layouts\":{\"list\":[\"id\",\"action\",\"role\",\"createdAt\"],\"editRelations\":[\"role\"],\"edit\":[[{\"name\":\"action\",\"size\":6}]]}}', 'object', NULL, NULL);
INSERT INTO `strapi_core_store_settings` (`id`, `key`, `value`, `type`, `environment`, `tag`) VALUES
(10, 'plugin_content_manager_configuration_content_types::plugin::users-permissions.role', '{\"uid\":\"plugin::users-permissions.role\",\"settings\":{\"bulkable\":true,\"filterable\":true,\"searchable\":true,\"pageSize\":10,\"mainField\":\"name\",\"defaultSortBy\":\"name\",\"defaultSortOrder\":\"ASC\"},\"metadatas\":{\"id\":{\"edit\":{},\"list\":{\"label\":\"id\",\"searchable\":true,\"sortable\":true}},\"name\":{\"edit\":{\"label\":\"name\",\"description\":\"\",\"placeholder\":\"\",\"visible\":true,\"editable\":true},\"list\":{\"label\":\"name\",\"searchable\":true,\"sortable\":true}},\"description\":{\"edit\":{\"label\":\"description\",\"description\":\"\",\"placeholder\":\"\",\"visible\":true,\"editable\":true},\"list\":{\"label\":\"description\",\"searchable\":true,\"sortable\":true}},\"type\":{\"edit\":{\"label\":\"type\",\"description\":\"\",\"placeholder\":\"\",\"visible\":true,\"editable\":true},\"list\":{\"label\":\"type\",\"searchable\":true,\"sortable\":true}},\"permissions\":{\"edit\":{\"label\":\"permissions\",\"description\":\"\",\"placeholder\":\"\",\"visible\":true,\"editable\":true,\"mainField\":\"action\"},\"list\":{\"label\":\"permissions\",\"searchable\":false,\"sortable\":false}},\"users\":{\"edit\":{\"label\":\"users\",\"description\":\"\",\"placeholder\":\"\",\"visible\":true,\"editable\":true,\"mainField\":\"username\"},\"list\":{\"label\":\"users\",\"searchable\":false,\"sortable\":false}},\"createdAt\":{\"edit\":{\"label\":\"createdAt\",\"description\":\"\",\"placeholder\":\"\",\"visible\":false,\"editable\":true},\"list\":{\"label\":\"createdAt\",\"searchable\":true,\"sortable\":true}},\"updatedAt\":{\"edit\":{\"label\":\"updatedAt\",\"description\":\"\",\"placeholder\":\"\",\"visible\":false,\"editable\":true},\"list\":{\"label\":\"updatedAt\",\"searchable\":true,\"sortable\":true}}},\"layouts\":{\"list\":[\"id\",\"name\",\"description\",\"type\"],\"editRelations\":[\"permissions\",\"users\"],\"edit\":[[{\"name\":\"name\",\"size\":6},{\"name\":\"description\",\"size\":6}],[{\"name\":\"type\",\"size\":6}]]}}', 'object', NULL, NULL),
(11, 'plugin_content_manager_configuration_content_types::plugin::users-permissions.user', '{\"uid\":\"plugin::users-permissions.user\",\"settings\":{\"bulkable\":true,\"filterable\":true,\"searchable\":true,\"pageSize\":10,\"mainField\":\"username\",\"defaultSortBy\":\"username\",\"defaultSortOrder\":\"ASC\"},\"metadatas\":{\"id\":{\"edit\":{},\"list\":{\"label\":\"id\",\"searchable\":true,\"sortable\":true}},\"username\":{\"edit\":{\"label\":\"username\",\"description\":\"\",\"placeholder\":\"\",\"visible\":true,\"editable\":true},\"list\":{\"label\":\"username\",\"searchable\":true,\"sortable\":true}},\"email\":{\"edit\":{\"label\":\"email\",\"description\":\"\",\"placeholder\":\"\",\"visible\":true,\"editable\":true},\"list\":{\"label\":\"email\",\"searchable\":true,\"sortable\":true}},\"provider\":{\"edit\":{\"label\":\"provider\",\"description\":\"\",\"placeholder\":\"\",\"visible\":false,\"editable\":true},\"list\":{\"label\":\"provider\",\"searchable\":true,\"sortable\":true}},\"password\":{\"edit\":{\"label\":\"password\",\"description\":\"\",\"placeholder\":\"\",\"visible\":true,\"editable\":true},\"list\":{\"label\":\"password\",\"searchable\":true,\"sortable\":true}},\"resetPasswordToken\":{\"edit\":{\"label\":\"resetPasswordToken\",\"description\":\"\",\"placeholder\":\"\",\"visible\":false,\"editable\":true},\"list\":{\"label\":\"resetPasswordToken\",\"searchable\":true,\"sortable\":true}},\"confirmationToken\":{\"edit\":{\"label\":\"confirmationToken\",\"description\":\"\",\"placeholder\":\"\",\"visible\":false,\"editable\":true},\"list\":{\"label\":\"confirmationToken\",\"searchable\":true,\"sortable\":true}},\"confirmed\":{\"edit\":{\"label\":\"confirmed\",\"description\":\"\",\"placeholder\":\"\",\"visible\":true,\"editable\":true},\"list\":{\"label\":\"confirmed\",\"searchable\":true,\"sortable\":true}},\"blocked\":{\"edit\":{\"label\":\"blocked\",\"description\":\"\",\"placeholder\":\"\",\"visible\":true,\"editable\":true},\"list\":{\"label\":\"blocked\",\"searchable\":true,\"sortable\":true}},\"role\":{\"edit\":{\"label\":\"role\",\"description\":\"\",\"placeholder\":\"\",\"visible\":true,\"editable\":true,\"mainField\":\"name\"},\"list\":{\"label\":\"role\",\"searchable\":true,\"sortable\":true}},\"createdAt\":{\"edit\":{\"label\":\"createdAt\",\"description\":\"\",\"placeholder\":\"\",\"visible\":false,\"editable\":true},\"list\":{\"label\":\"createdAt\",\"searchable\":true,\"sortable\":true}},\"updatedAt\":{\"edit\":{\"label\":\"updatedAt\",\"description\":\"\",\"placeholder\":\"\",\"visible\":false,\"editable\":true},\"list\":{\"label\":\"updatedAt\",\"searchable\":true,\"sortable\":true}}},\"layouts\":{\"list\":[\"id\",\"username\",\"email\",\"confirmed\"],\"editRelations\":[\"role\"],\"edit\":[[{\"name\":\"username\",\"size\":6},{\"name\":\"email\",\"size\":6}],[{\"name\":\"password\",\"size\":6},{\"name\":\"confirmed\",\"size\":4}],[{\"name\":\"blocked\",\"size\":4}]]}}', 'object', NULL, NULL),
(12, 'plugin_content_manager_configuration_content_types::api::case.case', '{\"uid\":\"api::case.case\",\"settings\":{\"bulkable\":true,\"filterable\":true,\"searchable\":true,\"pageSize\":10,\"mainField\":\"patientName\",\"defaultSortBy\":\"patientName\",\"defaultSortOrder\":\"ASC\"},\"metadatas\":{\"id\":{\"edit\":{},\"list\":{\"label\":\"id\",\"searchable\":true,\"sortable\":true}},\"patientName\":{\"edit\":{\"label\":\"patientName\",\"description\":\"\",\"placeholder\":\"\",\"visible\":true,\"editable\":true},\"list\":{\"label\":\"patientName\",\"searchable\":true,\"sortable\":true}},\"material\":{\"edit\":{\"label\":\"material\",\"description\":\"\",\"placeholder\":\"\",\"visible\":true,\"editable\":true},\"list\":{\"label\":\"material\",\"searchable\":true,\"sortable\":true}},\"type\":{\"edit\":{\"label\":\"type\",\"description\":\"\",\"placeholder\":\"\",\"visible\":true,\"editable\":true},\"list\":{\"label\":\"type\",\"searchable\":true,\"sortable\":true}},\"shade\":{\"edit\":{\"label\":\"shade\",\"description\":\"\",\"placeholder\":\"\",\"visible\":true,\"editable\":true},\"list\":{\"label\":\"shade\",\"searchable\":true,\"sortable\":true}},\"units\":{\"edit\":{\"label\":\"units\",\"description\":\"\",\"placeholder\":\"\",\"visible\":true,\"editable\":true},\"list\":{\"label\":\"units\",\"searchable\":false,\"sortable\":false}},\"finishDate\":{\"edit\":{\"label\":\"finishDate\",\"description\":\"\",\"placeholder\":\"\",\"visible\":true,\"editable\":true},\"list\":{\"label\":\"finishDate\",\"searchable\":true,\"sortable\":true}},\"lab\":{\"edit\":{\"label\":\"lab\",\"description\":\"\",\"placeholder\":\"\",\"visible\":true,\"editable\":true,\"mainField\":\"labName\"},\"list\":{\"label\":\"lab\",\"searchable\":true,\"sortable\":true}},\"doctor\":{\"edit\":{\"label\":\"doctor\",\"description\":\"\",\"placeholder\":\"\",\"visible\":true,\"editable\":true,\"mainField\":\"doctorName\"},\"list\":{\"label\":\"doctor\",\"searchable\":true,\"sortable\":true}},\"createdAt\":{\"edit\":{\"label\":\"createdAt\",\"description\":\"\",\"placeholder\":\"\",\"visible\":false,\"editable\":true},\"list\":{\"label\":\"createdAt\",\"searchable\":true,\"sortable\":true}},\"updatedAt\":{\"edit\":{\"label\":\"updatedAt\",\"description\":\"\",\"placeholder\":\"\",\"visible\":false,\"editable\":true},\"list\":{\"label\":\"updatedAt\",\"searchable\":true,\"sortable\":true}}},\"layouts\":{\"list\":[\"id\",\"patientName\",\"type\",\"material\"],\"edit\":[[{\"name\":\"patientName\",\"size\":6}],[{\"name\":\"type\",\"size\":6}],[{\"name\":\"units\",\"size\":12}],[{\"name\":\"finishDate\",\"size\":4},{\"name\":\"material\",\"size\":6}],[{\"name\":\"shade\",\"size\":6}]],\"editRelations\":[\"lab\",\"doctor\"]}}', 'object', NULL, NULL),
(14, 'plugin_content_manager_configuration_content_types::api::lab.lab', '{\"uid\":\"api::lab.lab\",\"settings\":{\"bulkable\":true,\"filterable\":true,\"searchable\":true,\"pageSize\":10,\"mainField\":\"labName\",\"defaultSortBy\":\"labName\",\"defaultSortOrder\":\"ASC\"},\"metadatas\":{\"id\":{\"edit\":{},\"list\":{\"label\":\"id\",\"searchable\":true,\"sortable\":true}},\"labName\":{\"edit\":{\"label\":\"labName\",\"description\":\"\",\"placeholder\":\"\",\"visible\":true,\"editable\":true},\"list\":{\"label\":\"labName\",\"searchable\":true,\"sortable\":true}},\"cases\":{\"edit\":{\"label\":\"cases\",\"description\":\"\",\"placeholder\":\"\",\"visible\":true,\"editable\":true,\"mainField\":\"patientName\"},\"list\":{\"label\":\"cases\",\"searchable\":false,\"sortable\":false}},\"createdAt\":{\"edit\":{\"label\":\"createdAt\",\"description\":\"\",\"placeholder\":\"\",\"visible\":false,\"editable\":true},\"list\":{\"label\":\"createdAt\",\"searchable\":true,\"sortable\":true}},\"updatedAt\":{\"edit\":{\"label\":\"updatedAt\",\"description\":\"\",\"placeholder\":\"\",\"visible\":false,\"editable\":true},\"list\":{\"label\":\"updatedAt\",\"searchable\":true,\"sortable\":true}}},\"layouts\":{\"list\":[\"id\",\"labName\",\"createdAt\",\"cases\"],\"edit\":[[{\"name\":\"labName\",\"size\":6}]],\"editRelations\":[\"cases\"]}}', 'object', NULL, NULL),
(15, 'plugin_upload_settings', '{\"sizeOptimization\":true,\"responsiveDimensions\":true,\"autoOrientation\":false}', 'object', NULL, NULL),
(16, 'plugin_i18n_default_locale', '\"en\"', 'string', NULL, NULL),
(17, 'plugin_users-permissions_grant', '{\"email\":{\"enabled\":true,\"icon\":\"envelope\"},\"discord\":{\"enabled\":false,\"icon\":\"discord\",\"key\":\"\",\"secret\":\"\",\"callback\":\"api/auth/discord/callback\",\"scope\":[\"identify\",\"email\"]},\"facebook\":{\"enabled\":false,\"icon\":\"facebook-square\",\"key\":\"\",\"secret\":\"\",\"callback\":\"api/auth/facebook/callback\",\"scope\":[\"email\"]},\"google\":{\"enabled\":false,\"icon\":\"google\",\"key\":\"\",\"secret\":\"\",\"callback\":\"api/auth/google/callback\",\"scope\":[\"email\"]},\"github\":{\"enabled\":false,\"icon\":\"github\",\"key\":\"\",\"secret\":\"\",\"callback\":\"api/auth/github/callback\",\"scope\":[\"user\",\"user:email\"]},\"microsoft\":{\"enabled\":false,\"icon\":\"windows\",\"key\":\"\",\"secret\":\"\",\"callback\":\"api/auth/microsoft/callback\",\"scope\":[\"user.read\"]},\"twitter\":{\"enabled\":false,\"icon\":\"twitter\",\"key\":\"\",\"secret\":\"\",\"callback\":\"api/auth/twitter/callback\"},\"instagram\":{\"enabled\":false,\"icon\":\"instagram\",\"key\":\"\",\"secret\":\"\",\"callback\":\"api/auth/instagram/callback\",\"scope\":[\"user_profile\"]},\"vk\":{\"enabled\":false,\"icon\":\"vk\",\"key\":\"\",\"secret\":\"\",\"callback\":\"api/auth/vk/callback\",\"scope\":[\"email\"]},\"twitch\":{\"enabled\":false,\"icon\":\"twitch\",\"key\":\"\",\"secret\":\"\",\"callback\":\"api/auth/twitch/callback\",\"scope\":[\"user:read:email\"]},\"linkedin\":{\"enabled\":false,\"icon\":\"linkedin\",\"key\":\"\",\"secret\":\"\",\"callback\":\"api/auth/linkedin/callback\",\"scope\":[\"r_liteprofile\",\"r_emailaddress\"]},\"cognito\":{\"enabled\":false,\"icon\":\"aws\",\"key\":\"\",\"secret\":\"\",\"subdomain\":\"my.subdomain.com\",\"callback\":\"api/auth/cognito/callback\",\"scope\":[\"email\",\"openid\",\"profile\"]},\"reddit\":{\"enabled\":false,\"icon\":\"reddit\",\"key\":\"\",\"secret\":\"\",\"state\":true,\"callback\":\"api/auth/reddit/callback\",\"scope\":[\"identity\"]},\"auth0\":{\"enabled\":false,\"icon\":\"\",\"key\":\"\",\"secret\":\"\",\"subdomain\":\"my-tenant.eu\",\"callback\":\"api/auth/auth0/callback\",\"scope\":[\"openid\",\"email\",\"profile\"]},\"cas\":{\"enabled\":false,\"icon\":\"book\",\"key\":\"\",\"secret\":\"\",\"callback\":\"api/auth/cas/callback\",\"scope\":[\"openid email\"],\"subdomain\":\"my.subdomain.com/cas\"}}', 'object', NULL, NULL),
(18, 'plugin_users-permissions_email', '{\"reset_password\":{\"display\":\"Email.template.reset_password\",\"icon\":\"sync\",\"options\":{\"from\":{\"name\":\"Administration Panel\",\"email\":\"no-reply@strapi.io\"},\"response_email\":\"\",\"object\":\"Reset password\",\"message\":\"<p>We heard that you lost your password. Sorry about that!</p>\\n\\n<p>But dont worry! You can use the following link to reset your password:</p>\\n<p><%= URL %>?code=<%= TOKEN %></p>\\n\\n<p>Thanks.</p>\"}},\"email_confirmation\":{\"display\":\"Email.template.email_confirmation\",\"icon\":\"check-square\",\"options\":{\"from\":{\"name\":\"Administration Panel\",\"email\":\"no-reply@strapi.io\"},\"response_email\":\"\",\"object\":\"Account confirmation\",\"message\":\"<p>Thank you for registering!</p>\\n\\n<p>You have to confirm your email address. Please click on the link below.</p>\\n\\n<p><%= URL %>?confirmation=<%= CODE %></p>\\n\\n<p>Thanks.</p>\"}}}', 'object', NULL, NULL),
(19, 'plugin_users-permissions_advanced', '{\"unique_email\":true,\"allow_register\":true,\"email_confirmation\":false,\"email_reset_password\":null,\"email_confirmation_redirection\":null,\"default_role\":\"authenticated\"}', 'object', NULL, NULL),
(20, 'core_admin_auth', '{\"providers\":{\"autoRegister\":false,\"defaultRole\":null}}', 'object', NULL, NULL),
(21, 'plugin_content_manager_configuration_content_types::api::doctor.doctor', '{\"uid\":\"api::doctor.doctor\",\"settings\":{\"bulkable\":true,\"filterable\":true,\"searchable\":true,\"pageSize\":100,\"mainField\":\"doctorName\",\"defaultSortBy\":\"doctorName\",\"defaultSortOrder\":\"ASC\"},\"metadatas\":{\"id\":{\"edit\":{},\"list\":{\"label\":\"id\",\"searchable\":true,\"sortable\":true}},\"doctorName\":{\"edit\":{\"label\":\"doctorName\",\"description\":\"\",\"placeholder\":\"\",\"visible\":true,\"editable\":true},\"list\":{\"label\":\"doctorName\",\"searchable\":true,\"sortable\":true}},\"phone\":{\"edit\":{\"label\":\"phone\",\"description\":\"\",\"placeholder\":\"\",\"visible\":true,\"editable\":true},\"list\":{\"label\":\"phone\",\"searchable\":true,\"sortable\":true}},\"location\":{\"edit\":{\"label\":\"location\",\"description\":\"\",\"placeholder\":\"\",\"visible\":true,\"editable\":true},\"list\":{\"label\":\"location\",\"searchable\":true,\"sortable\":true}},\"comeBy\":{\"edit\":{\"label\":\"comeBy\",\"description\":\"\",\"placeholder\":\"\",\"visible\":true,\"editable\":true},\"list\":{\"label\":\"comeBy\",\"searchable\":true,\"sortable\":true}},\"joinAt\":{\"edit\":{\"label\":\"joinAt\",\"description\":\"\",\"placeholder\":\"\",\"visible\":true,\"editable\":true},\"list\":{\"label\":\"joinAt\",\"searchable\":true,\"sortable\":true}},\"cases\":{\"edit\":{\"label\":\"cases\",\"description\":\"\",\"placeholder\":\"\",\"visible\":true,\"editable\":true,\"mainField\":\"patientName\"},\"list\":{\"label\":\"cases\",\"searchable\":false,\"sortable\":false}},\"createdAt\":{\"edit\":{\"label\":\"createdAt\",\"description\":\"\",\"placeholder\":\"\",\"visible\":false,\"editable\":true},\"list\":{\"label\":\"createdAt\",\"searchable\":true,\"sortable\":true}},\"updatedAt\":{\"edit\":{\"label\":\"updatedAt\",\"description\":\"\",\"placeholder\":\"\",\"visible\":false,\"editable\":true},\"list\":{\"label\":\"updatedAt\",\"searchable\":true,\"sortable\":true}}},\"layouts\":{\"edit\":[[{\"name\":\"doctorName\",\"size\":6},{\"name\":\"phone\",\"size\":6}],[{\"name\":\"location\",\"size\":6},{\"name\":\"comeBy\",\"size\":6}],[{\"name\":\"joinAt\",\"size\":4}]],\"editRelations\":[\"cases\"],\"list\":[\"id\",\"doctorName\",\"phone\",\"location\"]}}', 'object', NULL, NULL);

-- --------------------------------------------------------

--
-- Table structure for table `strapi_database_schema`
--

CREATE TABLE `strapi_database_schema` (
  `id` int(10) UNSIGNED NOT NULL,
  `schema` longtext CHARACTER SET utf8mb4 COLLATE utf8mb4_bin DEFAULT NULL CHECK (json_valid(`schema`)),
  `time` datetime DEFAULT NULL,
  `hash` varchar(255) DEFAULT NULL
) ENGINE=InnoDB DEFAULT CHARSET=utf8mb4;

--
-- Dumping data for table `strapi_database_schema`
--

INSERT INTO `strapi_database_schema` (`id`, `schema`, `time`, `hash`) VALUES
(8, '{\"tables\":[{\"name\":\"strapi_core_store_settings\",\"indexes\":[],\"foreignKeys\":[],\"columns\":[{\"name\":\"id\",\"type\":\"increments\",\"args\":[{\"primary\":true,\"primaryKey\":true}],\"defaultTo\":null,\"notNullable\":true,\"unsigned\":false},{\"name\":\"key\",\"type\":\"string\",\"args\":[],\"defaultTo\":null,\"notNullable\":false,\"unsigned\":false},{\"name\":\"value\",\"type\":\"text\",\"args\":[\"longtext\"],\"defaultTo\":null,\"notNullable\":false,\"unsigned\":false},{\"name\":\"type\",\"type\":\"string\",\"args\":[],\"defaultTo\":null,\"notNullable\":false,\"unsigned\":false},{\"name\":\"environment\",\"type\":\"string\",\"args\":[],\"defaultTo\":null,\"notNullable\":false,\"unsigned\":false},{\"name\":\"tag\",\"type\":\"string\",\"args\":[],\"defaultTo\":null,\"notNullable\":false,\"unsigned\":false}]},{\"name\":\"strapi_webhooks\",\"indexes\":[],\"foreignKeys\":[],\"columns\":[{\"name\":\"id\",\"type\":\"increments\",\"args\":[{\"primary\":true,\"primaryKey\":true}],\"defaultTo\":null,\"notNullable\":true,\"unsigned\":false},{\"name\":\"name\",\"type\":\"string\",\"args\":[],\"defaultTo\":null,\"notNullable\":false,\"unsigned\":false},{\"name\":\"url\",\"type\":\"text\",\"args\":[\"longtext\"],\"defaultTo\":null,\"notNullable\":false,\"unsigned\":false},{\"name\":\"headers\",\"type\":\"jsonb\",\"args\":[],\"defaultTo\":null,\"notNullable\":false,\"unsigned\":false},{\"name\":\"events\",\"type\":\"jsonb\",\"args\":[],\"defaultTo\":null,\"notNullable\":false,\"unsigned\":false},{\"name\":\"enabled\",\"type\":\"boolean\",\"args\":[],\"defaultTo\":null,\"notNullable\":false,\"unsigned\":false}]},{\"name\":\"admin_permissions\",\"indexes\":[{\"name\":\"admin_permissions_created_by_id_fk\",\"columns\":[\"created_by_id\"]},{\"name\":\"admin_permissions_updated_by_id_fk\",\"columns\":[\"updated_by_id\"]}],\"foreignKeys\":[{\"name\":\"admin_permissions_created_by_id_fk\",\"columns\":[\"created_by_id\"],\"referencedTable\":\"admin_users\",\"referencedColumns\":[\"id\"],\"onDelete\":\"SET NULL\"},{\"name\":\"admin_permissions_updated_by_id_fk\",\"columns\":[\"updated_by_id\"],\"referencedTable\":\"admin_users\",\"referencedColumns\":[\"id\"],\"onDelete\":\"SET NULL\"}],\"columns\":[{\"name\":\"id\",\"type\":\"increments\",\"args\":[{\"primary\":true,\"primaryKey\":true}],\"defaultTo\":null,\"notNullable\":true,\"unsigned\":false},{\"name\":\"action\",\"type\":\"string\",\"args\":[],\"defaultTo\":null,\"notNullable\":false,\"unsigned\":false},{\"name\":\"subject\",\"type\":\"string\",\"args\":[],\"defaultTo\":null,\"notNullable\":false,\"unsigned\":false},{\"name\":\"properties\",\"type\":\"jsonb\",\"args\":[],\"defaultTo\":null,\"notNullable\":false,\"unsigned\":false},{\"name\":\"conditions\",\"type\":\"jsonb\",\"args\":[],\"defaultTo\":null,\"notNullable\":false,\"unsigned\":false},{\"name\":\"created_at\",\"type\":\"datetime\",\"args\":[{\"useTz\":false,\"precision\":6}],\"defaultTo\":null,\"notNullable\":false,\"unsigned\":false},{\"name\":\"updated_at\",\"type\":\"datetime\",\"args\":[{\"useTz\":false,\"precision\":6}],\"defaultTo\":null,\"notNullable\":false,\"unsigned\":false},{\"name\":\"created_by_id\",\"type\":\"integer\",\"args\":[],\"defaultTo\":null,\"notNullable\":false,\"unsigned\":true},{\"name\":\"updated_by_id\",\"type\":\"integer\",\"args\":[],\"defaultTo\":null,\"notNullable\":false,\"unsigned\":true}]},{\"name\":\"admin_users\",\"indexes\":[{\"name\":\"admin_users_created_by_id_fk\",\"columns\":[\"created_by_id\"]},{\"name\":\"admin_users_updated_by_id_fk\",\"columns\":[\"updated_by_id\"]}],\"foreignKeys\":[{\"name\":\"admin_users_created_by_id_fk\",\"columns\":[\"created_by_id\"],\"referencedTable\":\"admin_users\",\"referencedColumns\":[\"id\"],\"onDelete\":\"SET NULL\"},{\"name\":\"admin_users_updated_by_id_fk\",\"columns\":[\"updated_by_id\"],\"referencedTable\":\"admin_users\",\"referencedColumns\":[\"id\"],\"onDelete\":\"SET NULL\"}],\"columns\":[{\"name\":\"id\",\"type\":\"increments\",\"args\":[{\"primary\":true,\"primaryKey\":true}],\"defaultTo\":null,\"notNullable\":true,\"unsigned\":false},{\"name\":\"firstname\",\"type\":\"string\",\"args\":[],\"defaultTo\":null,\"notNullable\":false,\"unsigned\":false},{\"name\":\"lastname\",\"type\":\"string\",\"args\":[],\"defaultTo\":null,\"notNullable\":false,\"unsigned\":false},{\"name\":\"username\",\"type\":\"string\",\"args\":[],\"defaultTo\":null,\"notNullable\":false,\"unsigned\":false},{\"name\":\"email\",\"type\":\"string\",\"args\":[],\"defaultTo\":null,\"notNullable\":false,\"unsigned\":false},{\"name\":\"password\",\"type\":\"string\",\"args\":[],\"defaultTo\":null,\"notNullable\":false,\"unsigned\":false},{\"name\":\"reset_password_token\",\"type\":\"string\",\"args\":[],\"defaultTo\":null,\"notNullable\":false,\"unsigned\":false},{\"name\":\"registration_token\",\"type\":\"string\",\"args\":[],\"defaultTo\":null,\"notNullable\":false,\"unsigned\":false},{\"name\":\"is_active\",\"type\":\"boolean\",\"args\":[],\"defaultTo\":null,\"notNullable\":false,\"unsigned\":false},{\"name\":\"blocked\",\"type\":\"boolean\",\"args\":[],\"defaultTo\":null,\"notNullable\":false,\"unsigned\":false},{\"name\":\"prefered_language\",\"type\":\"string\",\"args\":[],\"defaultTo\":null,\"notNullable\":false,\"unsigned\":false},{\"name\":\"created_at\",\"type\":\"datetime\",\"args\":[{\"useTz\":false,\"precision\":6}],\"defaultTo\":null,\"notNullable\":false,\"unsigned\":false},{\"name\":\"updated_at\",\"type\":\"datetime\",\"args\":[{\"useTz\":false,\"precision\":6}],\"defaultTo\":null,\"notNullable\":false,\"unsigned\":false},{\"name\":\"created_by_id\",\"type\":\"integer\",\"args\":[],\"defaultTo\":null,\"notNullable\":false,\"unsigned\":true},{\"name\":\"updated_by_id\",\"type\":\"integer\",\"args\":[],\"defaultTo\":null,\"notNullable\":false,\"unsigned\":true}]},{\"name\":\"admin_roles\",\"indexes\":[{\"name\":\"admin_roles_created_by_id_fk\",\"columns\":[\"created_by_id\"]},{\"name\":\"admin_roles_updated_by_id_fk\",\"columns\":[\"updated_by_id\"]}],\"foreignKeys\":[{\"name\":\"admin_roles_created_by_id_fk\",\"columns\":[\"created_by_id\"],\"referencedTable\":\"admin_users\",\"referencedColumns\":[\"id\"],\"onDelete\":\"SET NULL\"},{\"name\":\"admin_roles_updated_by_id_fk\",\"columns\":[\"updated_by_id\"],\"referencedTable\":\"admin_users\",\"referencedColumns\":[\"id\"],\"onDelete\":\"SET NULL\"}],\"columns\":[{\"name\":\"id\",\"type\":\"increments\",\"args\":[{\"primary\":true,\"primaryKey\":true}],\"defaultTo\":null,\"notNullable\":true,\"unsigned\":false},{\"name\":\"name\",\"type\":\"string\",\"args\":[],\"defaultTo\":null,\"notNullable\":false,\"unsigned\":false},{\"name\":\"code\",\"type\":\"string\",\"args\":[],\"defaultTo\":null,\"notNullable\":false,\"unsigned\":false},{\"name\":\"description\",\"type\":\"string\",\"args\":[],\"defaultTo\":null,\"notNullable\":false,\"unsigned\":false},{\"name\":\"created_at\",\"type\":\"datetime\",\"args\":[{\"useTz\":false,\"precision\":6}],\"defaultTo\":null,\"notNullable\":false,\"unsigned\":false},{\"name\":\"updated_at\",\"type\":\"datetime\",\"args\":[{\"useTz\":false,\"precision\":6}],\"defaultTo\":null,\"notNullable\":false,\"unsigned\":false},{\"name\":\"created_by_id\",\"type\":\"integer\",\"args\":[],\"defaultTo\":null,\"notNullable\":false,\"unsigned\":true},{\"name\":\"updated_by_id\",\"type\":\"integer\",\"args\":[],\"defaultTo\":null,\"notNullable\":false,\"unsigned\":true}]},{\"name\":\"strapi_api_tokens\",\"indexes\":[{\"name\":\"strapi_api_tokens_created_by_id_fk\",\"columns\":[\"created_by_id\"]},{\"name\":\"strapi_api_tokens_updated_by_id_fk\",\"columns\":[\"updated_by_id\"]}],\"foreignKeys\":[{\"name\":\"strapi_api_tokens_created_by_id_fk\",\"columns\":[\"created_by_id\"],\"referencedTable\":\"admin_users\",\"referencedColumns\":[\"id\"],\"onDelete\":\"SET NULL\"},{\"name\":\"strapi_api_tokens_updated_by_id_fk\",\"columns\":[\"updated_by_id\"],\"referencedTable\":\"admin_users\",\"referencedColumns\":[\"id\"],\"onDelete\":\"SET NULL\"}],\"columns\":[{\"name\":\"id\",\"type\":\"increments\",\"args\":[{\"primary\":true,\"primaryKey\":true}],\"defaultTo\":null,\"notNullable\":true,\"unsigned\":false},{\"name\":\"name\",\"type\":\"string\",\"args\":[],\"defaultTo\":null,\"notNullable\":false,\"unsigned\":false},{\"name\":\"description\",\"type\":\"string\",\"args\":[],\"defaultTo\":null,\"notNullable\":false,\"unsigned\":false},{\"name\":\"type\",\"type\":\"string\",\"args\":[],\"defaultTo\":null,\"notNullable\":false,\"unsigned\":false},{\"name\":\"access_key\",\"type\":\"string\",\"args\":[],\"defaultTo\":null,\"notNullable\":false,\"unsigned\":false},{\"name\":\"created_at\",\"type\":\"datetime\",\"args\":[{\"useTz\":false,\"precision\":6}],\"defaultTo\":null,\"notNullable\":false,\"unsigned\":false},{\"name\":\"updated_at\",\"type\":\"datetime\",\"args\":[{\"useTz\":false,\"precision\":6}],\"defaultTo\":null,\"notNullable\":false,\"unsigned\":false},{\"name\":\"created_by_id\",\"type\":\"integer\",\"args\":[],\"defaultTo\":null,\"notNullable\":false,\"unsigned\":true},{\"name\":\"updated_by_id\",\"type\":\"integer\",\"args\":[],\"defaultTo\":null,\"notNullable\":false,\"unsigned\":true}]},{\"name\":\"files\",\"indexes\":[{\"name\":\"files_created_by_id_fk\",\"columns\":[\"created_by_id\"]},{\"name\":\"files_updated_by_id_fk\",\"columns\":[\"updated_by_id\"]}],\"foreignKeys\":[{\"name\":\"files_created_by_id_fk\",\"columns\":[\"created_by_id\"],\"referencedTable\":\"admin_users\",\"referencedColumns\":[\"id\"],\"onDelete\":\"SET NULL\"},{\"name\":\"files_updated_by_id_fk\",\"columns\":[\"updated_by_id\"],\"referencedTable\":\"admin_users\",\"referencedColumns\":[\"id\"],\"onDelete\":\"SET NULL\"}],\"columns\":[{\"name\":\"id\",\"type\":\"increments\",\"args\":[{\"primary\":true,\"primaryKey\":true}],\"defaultTo\":null,\"notNullable\":true,\"unsigned\":false},{\"name\":\"name\",\"type\":\"string\",\"args\":[],\"defaultTo\":null,\"notNullable\":false,\"unsigned\":false},{\"name\":\"alternative_text\",\"type\":\"string\",\"args\":[],\"defaultTo\":null,\"notNullable\":false,\"unsigned\":false},{\"name\":\"caption\",\"type\":\"string\",\"args\":[],\"defaultTo\":null,\"notNullable\":false,\"unsigned\":false},{\"name\":\"width\",\"type\":\"integer\",\"args\":[],\"defaultTo\":null,\"notNullable\":false,\"unsigned\":false},{\"name\":\"height\",\"type\":\"integer\",\"args\":[],\"defaultTo\":null,\"notNullable\":false,\"unsigned\":false},{\"name\":\"formats\",\"type\":\"jsonb\",\"args\":[],\"defaultTo\":null,\"notNullable\":false,\"unsigned\":false},{\"name\":\"hash\",\"type\":\"string\",\"args\":[],\"defaultTo\":null,\"notNullable\":false,\"unsigned\":false},{\"name\":\"ext\",\"type\":\"string\",\"args\":[],\"defaultTo\":null,\"notNullable\":false,\"unsigned\":false},{\"name\":\"mime\",\"type\":\"string\",\"args\":[],\"defaultTo\":null,\"notNullable\":false,\"unsigned\":false},{\"name\":\"size\",\"type\":\"decimal\",\"args\":[10,2],\"defaultTo\":null,\"notNullable\":false,\"unsigned\":false},{\"name\":\"url\",\"type\":\"string\",\"args\":[],\"defaultTo\":null,\"notNullable\":false,\"unsigned\":false},{\"name\":\"preview_url\",\"type\":\"string\",\"args\":[],\"defaultTo\":null,\"notNullable\":false,\"unsigned\":false},{\"name\":\"provider\",\"type\":\"string\",\"args\":[],\"defaultTo\":null,\"notNullable\":false,\"unsigned\":false},{\"name\":\"provider_metadata\",\"type\":\"jsonb\",\"args\":[],\"defaultTo\":null,\"notNullable\":false,\"unsigned\":false},{\"name\":\"created_at\",\"type\":\"datetime\",\"args\":[{\"useTz\":false,\"precision\":6}],\"defaultTo\":null,\"notNullable\":false,\"unsigned\":false},{\"name\":\"updated_at\",\"type\":\"datetime\",\"args\":[{\"useTz\":false,\"precision\":6}],\"defaultTo\":null,\"notNullable\":false,\"unsigned\":false},{\"name\":\"created_by_id\",\"type\":\"integer\",\"args\":[],\"defaultTo\":null,\"notNullable\":false,\"unsigned\":true},{\"name\":\"updated_by_id\",\"type\":\"integer\",\"args\":[],\"defaultTo\":null,\"notNullable\":false,\"unsigned\":true}]},{\"name\":\"i18n_locale\",\"indexes\":[{\"name\":\"i18n_locale_created_by_id_fk\",\"columns\":[\"created_by_id\"]},{\"name\":\"i18n_locale_updated_by_id_fk\",\"columns\":[\"updated_by_id\"]}],\"foreignKeys\":[{\"name\":\"i18n_locale_created_by_id_fk\",\"columns\":[\"created_by_id\"],\"referencedTable\":\"admin_users\",\"referencedColumns\":[\"id\"],\"onDelete\":\"SET NULL\"},{\"name\":\"i18n_locale_updated_by_id_fk\",\"columns\":[\"updated_by_id\"],\"referencedTable\":\"admin_users\",\"referencedColumns\":[\"id\"],\"onDelete\":\"SET NULL\"}],\"columns\":[{\"name\":\"id\",\"type\":\"increments\",\"args\":[{\"primary\":true,\"primaryKey\":true}],\"defaultTo\":null,\"notNullable\":true,\"unsigned\":false},{\"name\":\"name\",\"type\":\"string\",\"args\":[],\"defaultTo\":null,\"notNullable\":false,\"unsigned\":false},{\"name\":\"code\",\"type\":\"string\",\"args\":[],\"defaultTo\":null,\"notNullable\":false,\"unsigned\":false},{\"name\":\"created_at\",\"type\":\"datetime\",\"args\":[{\"useTz\":false,\"precision\":6}],\"defaultTo\":null,\"notNullable\":false,\"unsigned\":false},{\"name\":\"updated_at\",\"type\":\"datetime\",\"args\":[{\"useTz\":false,\"precision\":6}],\"defaultTo\":null,\"notNullable\":false,\"unsigned\":false},{\"name\":\"created_by_id\",\"type\":\"integer\",\"args\":[],\"defaultTo\":null,\"notNullable\":false,\"unsigned\":true},{\"name\":\"updated_by_id\",\"type\":\"integer\",\"args\":[],\"defaultTo\":null,\"notNullable\":false,\"unsigned\":true}]},{\"name\":\"up_permissions\",\"indexes\":[{\"name\":\"up_permissions_created_by_id_fk\",\"columns\":[\"created_by_id\"]},{\"name\":\"up_permissions_updated_by_id_fk\",\"columns\":[\"updated_by_id\"]}],\"foreignKeys\":[{\"name\":\"up_permissions_created_by_id_fk\",\"columns\":[\"created_by_id\"],\"referencedTable\":\"admin_users\",\"referencedColumns\":[\"id\"],\"onDelete\":\"SET NULL\"},{\"name\":\"up_permissions_updated_by_id_fk\",\"columns\":[\"updated_by_id\"],\"referencedTable\":\"admin_users\",\"referencedColumns\":[\"id\"],\"onDelete\":\"SET NULL\"}],\"columns\":[{\"name\":\"id\",\"type\":\"increments\",\"args\":[{\"primary\":true,\"primaryKey\":true}],\"defaultTo\":null,\"notNullable\":true,\"unsigned\":false},{\"name\":\"action\",\"type\":\"string\",\"args\":[],\"defaultTo\":null,\"notNullable\":false,\"unsigned\":false},{\"name\":\"created_at\",\"type\":\"datetime\",\"args\":[{\"useTz\":false,\"precision\":6}],\"defaultTo\":null,\"notNullable\":false,\"unsigned\":false},{\"name\":\"updated_at\",\"type\":\"datetime\",\"args\":[{\"useTz\":false,\"precision\":6}],\"defaultTo\":null,\"notNullable\":false,\"unsigned\":false},{\"name\":\"created_by_id\",\"type\":\"integer\",\"args\":[],\"defaultTo\":null,\"notNullable\":false,\"unsigned\":true},{\"name\":\"updated_by_id\",\"type\":\"integer\",\"args\":[],\"defaultTo\":null,\"notNullable\":false,\"unsigned\":true}]},{\"name\":\"up_roles\",\"indexes\":[{\"name\":\"up_roles_created_by_id_fk\",\"columns\":[\"created_by_id\"]},{\"name\":\"up_roles_updated_by_id_fk\",\"columns\":[\"updated_by_id\"]}],\"foreignKeys\":[{\"name\":\"up_roles_created_by_id_fk\",\"columns\":[\"created_by_id\"],\"referencedTable\":\"admin_users\",\"referencedColumns\":[\"id\"],\"onDelete\":\"SET NULL\"},{\"name\":\"up_roles_updated_by_id_fk\",\"columns\":[\"updated_by_id\"],\"referencedTable\":\"admin_users\",\"referencedColumns\":[\"id\"],\"onDelete\":\"SET NULL\"}],\"columns\":[{\"name\":\"id\",\"type\":\"increments\",\"args\":[{\"primary\":true,\"primaryKey\":true}],\"defaultTo\":null,\"notNullable\":true,\"unsigned\":false},{\"name\":\"name\",\"type\":\"string\",\"args\":[],\"defaultTo\":null,\"notNullable\":false,\"unsigned\":false},{\"name\":\"description\",\"type\":\"string\",\"args\":[],\"defaultTo\":null,\"notNullable\":false,\"unsigned\":false},{\"name\":\"type\",\"type\":\"string\",\"args\":[],\"defaultTo\":null,\"notNullable\":false,\"unsigned\":false},{\"name\":\"created_at\",\"type\":\"datetime\",\"args\":[{\"useTz\":false,\"precision\":6}],\"defaultTo\":null,\"notNullable\":false,\"unsigned\":false},{\"name\":\"updated_at\",\"type\":\"datetime\",\"args\":[{\"useTz\":false,\"precision\":6}],\"defaultTo\":null,\"notNullable\":false,\"unsigned\":false},{\"name\":\"created_by_id\",\"type\":\"integer\",\"args\":[],\"defaultTo\":null,\"notNullable\":false,\"unsigned\":true},{\"name\":\"updated_by_id\",\"type\":\"integer\",\"args\":[],\"defaultTo\":null,\"notNullable\":false,\"unsigned\":true}]},{\"name\":\"up_users\",\"indexes\":[{\"name\":\"up_users_created_by_id_fk\",\"columns\":[\"created_by_id\"]},{\"name\":\"up_users_updated_by_id_fk\",\"columns\":[\"updated_by_id\"]}],\"foreignKeys\":[{\"name\":\"up_users_created_by_id_fk\",\"columns\":[\"created_by_id\"],\"referencedTable\":\"admin_users\",\"referencedColumns\":[\"id\"],\"onDelete\":\"SET NULL\"},{\"name\":\"up_users_updated_by_id_fk\",\"columns\":[\"updated_by_id\"],\"referencedTable\":\"admin_users\",\"referencedColumns\":[\"id\"],\"onDelete\":\"SET NULL\"}],\"columns\":[{\"name\":\"id\",\"type\":\"increments\",\"args\":[{\"primary\":true,\"primaryKey\":true}],\"defaultTo\":null,\"notNullable\":true,\"unsigned\":false},{\"name\":\"username\",\"type\":\"string\",\"args\":[],\"defaultTo\":null,\"notNullable\":false,\"unsigned\":false},{\"name\":\"email\",\"type\":\"string\",\"args\":[],\"defaultTo\":null,\"notNullable\":false,\"unsigned\":false},{\"name\":\"provider\",\"type\":\"string\",\"args\":[],\"defaultTo\":null,\"notNullable\":false,\"unsigned\":false},{\"name\":\"password\",\"type\":\"string\",\"args\":[],\"defaultTo\":null,\"notNullable\":false,\"unsigned\":false},{\"name\":\"reset_password_token\",\"type\":\"string\",\"args\":[],\"defaultTo\":null,\"notNullable\":false,\"unsigned\":false},{\"name\":\"confirmation_token\",\"type\":\"string\",\"args\":[],\"defaultTo\":null,\"notNullable\":false,\"unsigned\":false},{\"name\":\"confirmed\",\"type\":\"boolean\",\"args\":[],\"defaultTo\":null,\"notNullable\":false,\"unsigned\":false},{\"name\":\"blocked\",\"type\":\"boolean\",\"args\":[],\"defaultTo\":null,\"notNullable\":false,\"unsigned\":false},{\"name\":\"created_at\",\"type\":\"datetime\",\"args\":[{\"useTz\":false,\"precision\":6}],\"defaultTo\":null,\"notNullable\":false,\"unsigned\":false},{\"name\":\"updated_at\",\"type\":\"datetime\",\"args\":[{\"useTz\":false,\"precision\":6}],\"defaultTo\":null,\"notNullable\":false,\"unsigned\":false},{\"name\":\"created_by_id\",\"type\":\"integer\",\"args\":[],\"defaultTo\":null,\"notNullable\":false,\"unsigned\":true},{\"name\":\"updated_by_id\",\"type\":\"integer\",\"args\":[],\"defaultTo\":null,\"notNullable\":false,\"unsigned\":true}]},{\"name\":\"cases\",\"indexes\":[{\"name\":\"cases_created_by_id_fk\",\"columns\":[\"created_by_id\"]},{\"name\":\"cases_updated_by_id_fk\",\"columns\":[\"updated_by_id\"]}],\"foreignKeys\":[{\"name\":\"cases_created_by_id_fk\",\"columns\":[\"created_by_id\"],\"referencedTable\":\"admin_users\",\"referencedColumns\":[\"id\"],\"onDelete\":\"SET NULL\"},{\"name\":\"cases_updated_by_id_fk\",\"columns\":[\"updated_by_id\"],\"referencedTable\":\"admin_users\",\"referencedColumns\":[\"id\"],\"onDelete\":\"SET NULL\"}],\"columns\":[{\"name\":\"id\",\"type\":\"increments\",\"args\":[{\"primary\":true,\"primaryKey\":true}],\"defaultTo\":null,\"notNullable\":true,\"unsigned\":false},{\"name\":\"patient_name\",\"type\":\"string\",\"args\":[],\"defaultTo\":null,\"notNullable\":false,\"unsigned\":false},{\"name\":\"material\",\"type\":\"string\",\"args\":[],\"defaultTo\":null,\"notNullable\":false,\"unsigned\":false},{\"name\":\"type\",\"type\":\"string\",\"args\":[],\"defaultTo\":null,\"notNullable\":false,\"unsigned\":false},{\"name\":\"shade\",\"type\":\"string\",\"args\":[],\"defaultTo\":null,\"notNullable\":false,\"unsigned\":false},{\"name\":\"units\",\"type\":\"jsonb\",\"args\":[],\"defaultTo\":null,\"notNullable\":false,\"unsigned\":false},{\"name\":\"finish_date\",\"type\":\"date\",\"args\":[],\"defaultTo\":null,\"notNullable\":false,\"unsigned\":false},{\"name\":\"created_at\",\"type\":\"datetime\",\"args\":[{\"useTz\":false,\"precision\":6}],\"defaultTo\":null,\"notNullable\":false,\"unsigned\":false},{\"name\":\"updated_at\",\"type\":\"datetime\",\"args\":[{\"useTz\":false,\"precision\":6}],\"defaultTo\":null,\"notNullable\":false,\"unsigned\":false},{\"name\":\"published_at\",\"type\":\"datetime\",\"args\":[{\"useTz\":false,\"precision\":6}],\"defaultTo\":null,\"notNullable\":false,\"unsigned\":false},{\"name\":\"created_by_id\",\"type\":\"integer\",\"args\":[],\"defaultTo\":null,\"notNullable\":false,\"unsigned\":true},{\"name\":\"updated_by_id\",\"type\":\"integer\",\"args\":[],\"defaultTo\":null,\"notNullable\":false,\"unsigned\":true}]},{\"name\":\"costs\",\"indexes\":[{\"name\":\"costs_created_by_id_fk\",\"columns\":[\"created_by_id\"]},{\"name\":\"costs_updated_by_id_fk\",\"columns\":[\"updated_by_id\"]}],\"foreignKeys\":[{\"name\":\"costs_created_by_id_fk\",\"columns\":[\"created_by_id\"],\"referencedTable\":\"admin_users\",\"referencedColumns\":[\"id\"],\"onDelete\":\"SET NULL\"},{\"name\":\"costs_updated_by_id_fk\",\"columns\":[\"updated_by_id\"],\"referencedTable\":\"admin_users\",\"referencedColumns\":[\"id\"],\"onDelete\":\"SET NULL\"}],\"columns\":[{\"name\":\"id\",\"type\":\"increments\",\"args\":[{\"primary\":true,\"primaryKey\":true}],\"defaultTo\":null,\"notNullable\":true,\"unsigned\":false},{\"name\":\"item\",\"type\":\"string\",\"args\":[],\"defaultTo\":null,\"notNullable\":false,\"unsigned\":false},{\"name\":\"price\",\"type\":\"integer\",\"args\":[],\"defaultTo\":null,\"notNullable\":false,\"unsigned\":false},{\"name\":\"payed\",\"type\":\"boolean\",\"args\":[],\"defaultTo\":null,\"notNullable\":false,\"unsigned\":false},{\"name\":\"loan\",\"type\":\"boolean\",\"args\":[],\"defaultTo\":null,\"notNullable\":false,\"unsigned\":false},{\"name\":\"created_at\",\"type\":\"datetime\",\"args\":[{\"useTz\":false,\"precision\":6}],\"defaultTo\":null,\"notNullable\":false,\"unsigned\":false},{\"name\":\"updated_at\",\"type\":\"datetime\",\"args\":[{\"useTz\":false,\"precision\":6}],\"defaultTo\":null,\"notNullable\":false,\"unsigned\":false},{\"name\":\"published_at\",\"type\":\"datetime\",\"args\":[{\"useTz\":false,\"precision\":6}],\"defaultTo\":null,\"notNullable\":false,\"unsigned\":false},{\"name\":\"created_by_id\",\"type\":\"integer\",\"args\":[],\"defaultTo\":null,\"notNullable\":false,\"unsigned\":true},{\"name\":\"updated_by_id\",\"type\":\"integer\",\"args\":[],\"defaultTo\":null,\"notNullable\":false,\"unsigned\":true}]},{\"name\":\"doctors\",\"indexes\":[{\"name\":\"doctors_created_by_id_fk\",\"columns\":[\"created_by_id\"]},{\"name\":\"doctors_updated_by_id_fk\",\"columns\":[\"updated_by_id\"]}],\"foreignKeys\":[{\"name\":\"doctors_created_by_id_fk\",\"columns\":[\"created_by_id\"],\"referencedTable\":\"admin_users\",\"referencedColumns\":[\"id\"],\"onDelete\":\"SET NULL\"},{\"name\":\"doctors_updated_by_id_fk\",\"columns\":[\"updated_by_id\"],\"referencedTable\":\"admin_users\",\"referencedColumns\":[\"id\"],\"onDelete\":\"SET NULL\"}],\"columns\":[{\"name\":\"id\",\"type\":\"increments\",\"args\":[{\"primary\":true,\"primaryKey\":true}],\"defaultTo\":null,\"notNullable\":true,\"unsigned\":false},{\"name\":\"doctor_name\",\"type\":\"string\",\"args\":[],\"defaultTo\":null,\"notNullable\":false,\"unsigned\":false},{\"name\":\"phone\",\"type\":\"string\",\"args\":[],\"defaultTo\":null,\"notNullable\":false,\"unsigned\":false},{\"name\":\"location\",\"type\":\"string\",\"args\":[],\"defaultTo\":null,\"notNullable\":false,\"unsigned\":false},{\"name\":\"come_by\",\"type\":\"string\",\"args\":[],\"defaultTo\":null,\"notNullable\":false,\"unsigned\":false},{\"name\":\"join_at\",\"type\":\"date\",\"args\":[],\"defaultTo\":null,\"notNullable\":false,\"unsigned\":false},{\"name\":\"created_at\",\"type\":\"datetime\",\"args\":[{\"useTz\":false,\"precision\":6}],\"defaultTo\":null,\"notNullable\":false,\"unsigned\":false},{\"name\":\"updated_at\",\"type\":\"datetime\",\"args\":[{\"useTz\":false,\"precision\":6}],\"defaultTo\":null,\"notNullable\":false,\"unsigned\":false},{\"name\":\"created_by_id\",\"type\":\"integer\",\"args\":[],\"defaultTo\":null,\"notNullable\":false,\"unsigned\":true},{\"name\":\"updated_by_id\",\"type\":\"integer\",\"args\":[],\"defaultTo\":null,\"notNullable\":false,\"unsigned\":true}]},{\"name\":\"labs\",\"indexes\":[{\"name\":\"labs_created_by_id_fk\",\"columns\":[\"created_by_id\"]},{\"name\":\"labs_updated_by_id_fk\",\"columns\":[\"updated_by_id\"]}],\"foreignKeys\":[{\"name\":\"labs_created_by_id_fk\",\"columns\":[\"created_by_id\"],\"referencedTable\":\"admin_users\",\"referencedColumns\":[\"id\"],\"onDelete\":\"SET NULL\"},{\"name\":\"labs_updated_by_id_fk\",\"columns\":[\"updated_by_id\"],\"referencedTable\":\"admin_users\",\"referencedColumns\":[\"id\"],\"onDelete\":\"SET NULL\"}],\"columns\":[{\"name\":\"id\",\"type\":\"increments\",\"args\":[{\"primary\":true,\"primaryKey\":true}],\"defaultTo\":null,\"notNullable\":true,\"unsigned\":false},{\"name\":\"lab_name\",\"type\":\"string\",\"args\":[],\"defaultTo\":null,\"notNullable\":false,\"unsigned\":false},{\"name\":\"created_at\",\"type\":\"datetime\",\"args\":[{\"useTz\":false,\"precision\":6}],\"defaultTo\":null,\"notNullable\":false,\"unsigned\":false},{\"name\":\"updated_at\",\"type\":\"datetime\",\"args\":[{\"useTz\":false,\"precision\":6}],\"defaultTo\":null,\"notNullable\":false,\"unsigned\":false},{\"name\":\"published_at\",\"type\":\"datetime\",\"args\":[{\"useTz\":false,\"precision\":6}],\"defaultTo\":null,\"notNullable\":false,\"unsigned\":false},{\"name\":\"created_by_id\",\"type\":\"integer\",\"args\":[],\"defaultTo\":null,\"notNullable\":false,\"unsigned\":true},{\"name\":\"updated_by_id\",\"type\":\"integer\",\"args\":[],\"defaultTo\":null,\"notNullable\":false,\"unsigned\":true}]},{\"name\":\"admin_permissions_role_links\",\"indexes\":[{\"name\":\"admin_permissions_role_links_fk\",\"columns\":[\"permission_id\"]},{\"name\":\"admin_permissions_role_links_inv_fk\",\"columns\":[\"role_id\"]}],\"foreignKeys\":[{\"name\":\"admin_permissions_role_links_fk\",\"columns\":[\"permission_id\"],\"referencedColumns\":[\"id\"],\"referencedTable\":\"admin_permissions\",\"onDelete\":\"CASCADE\"},{\"name\":\"admin_permissions_role_links_inv_fk\",\"columns\":[\"role_id\"],\"referencedColumns\":[\"id\"],\"referencedTable\":\"admin_roles\",\"onDelete\":\"CASCADE\"}],\"columns\":[{\"name\":\"permission_id\",\"type\":\"integer\",\"args\":[],\"defaultTo\":null,\"notNullable\":false,\"unsigned\":true},{\"name\":\"role_id\",\"type\":\"integer\",\"args\":[],\"defaultTo\":null,\"notNullable\":false,\"unsigned\":true}]},{\"name\":\"admin_users_roles_links\",\"indexes\":[{\"name\":\"admin_users_roles_links_fk\",\"columns\":[\"user_id\"]},{\"name\":\"admin_users_roles_links_inv_fk\",\"columns\":[\"role_id\"]}],\"foreignKeys\":[{\"name\":\"admin_users_roles_links_fk\",\"columns\":[\"user_id\"],\"referencedColumns\":[\"id\"],\"referencedTable\":\"admin_users\",\"onDelete\":\"CASCADE\"},{\"name\":\"admin_users_roles_links_inv_fk\",\"columns\":[\"role_id\"],\"referencedColumns\":[\"id\"],\"referencedTable\":\"admin_roles\",\"onDelete\":\"CASCADE\"}],\"columns\":[{\"name\":\"user_id\",\"type\":\"integer\",\"args\":[],\"defaultTo\":null,\"notNullable\":false,\"unsigned\":true},{\"name\":\"role_id\",\"type\":\"integer\",\"args\":[],\"defaultTo\":null,\"notNullable\":false,\"unsigned\":true}]},{\"name\":\"files_related_morphs\",\"indexes\":[{\"name\":\"files_related_morphs_fk\",\"columns\":[\"file_id\"]}],\"foreignKeys\":[{\"name\":\"files_related_morphs_fk\",\"columns\":[\"file_id\"],\"referencedColumns\":[\"id\"],\"referencedTable\":\"files\",\"onDelete\":\"CASCADE\"}],\"columns\":[{\"name\":\"file_id\",\"type\":\"integer\",\"args\":[],\"defaultTo\":null,\"notNullable\":false,\"unsigned\":true},{\"name\":\"related_id\",\"type\":\"integer\",\"args\":[],\"defaultTo\":null,\"notNullable\":false,\"unsigned\":true},{\"name\":\"related_type\",\"type\":\"string\",\"args\":[],\"defaultTo\":null,\"notNullable\":false,\"unsigned\":false},{\"name\":\"field\",\"type\":\"string\",\"args\":[],\"defaultTo\":null,\"notNullable\":false,\"unsigned\":false},{\"name\":\"order\",\"type\":\"integer\",\"args\":[],\"defaultTo\":null,\"notNullable\":false,\"unsigned\":true}]},{\"name\":\"up_permissions_role_links\",\"indexes\":[{\"name\":\"up_permissions_role_links_fk\",\"columns\":[\"permission_id\"]},{\"name\":\"up_permissions_role_links_inv_fk\",\"columns\":[\"role_id\"]}],\"foreignKeys\":[{\"name\":\"up_permissions_role_links_fk\",\"columns\":[\"permission_id\"],\"referencedColumns\":[\"id\"],\"referencedTable\":\"up_permissions\",\"onDelete\":\"CASCADE\"},{\"name\":\"up_permissions_role_links_inv_fk\",\"columns\":[\"role_id\"],\"referencedColumns\":[\"id\"],\"referencedTable\":\"up_roles\",\"onDelete\":\"CASCADE\"}],\"columns\":[{\"name\":\"permission_id\",\"type\":\"integer\",\"args\":[],\"defaultTo\":null,\"notNullable\":false,\"unsigned\":true},{\"name\":\"role_id\",\"type\":\"integer\",\"args\":[],\"defaultTo\":null,\"notNullable\":false,\"unsigned\":true}]},{\"name\":\"up_users_role_links\",\"indexes\":[{\"name\":\"up_users_role_links_fk\",\"columns\":[\"user_id\"]},{\"name\":\"up_users_role_links_inv_fk\",\"columns\":[\"role_id\"]}],\"foreignKeys\":[{\"name\":\"up_users_role_links_fk\",\"columns\":[\"user_id\"],\"referencedColumns\":[\"id\"],\"referencedTable\":\"up_users\",\"onDelete\":\"CASCADE\"},{\"name\":\"up_users_role_links_inv_fk\",\"columns\":[\"role_id\"],\"referencedColumns\":[\"id\"],\"referencedTable\":\"up_roles\",\"onDelete\":\"CASCADE\"}],\"columns\":[{\"name\":\"user_id\",\"type\":\"integer\",\"args\":[],\"defaultTo\":null,\"notNullable\":false,\"unsigned\":true},{\"name\":\"role_id\",\"type\":\"integer\",\"args\":[],\"defaultTo\":null,\"notNullable\":false,\"unsigned\":true}]},{\"name\":\"cases_lab_links\",\"indexes\":[{\"name\":\"cases_lab_links_fk\",\"columns\":[\"case_id\"]},{\"name\":\"cases_lab_links_inv_fk\",\"columns\":[\"lab_id\"]}],\"foreignKeys\":[{\"name\":\"cases_lab_links_fk\",\"columns\":[\"case_id\"],\"referencedColumns\":[\"id\"],\"referencedTable\":\"cases\",\"onDelete\":\"CASCADE\"},{\"name\":\"cases_lab_links_inv_fk\",\"columns\":[\"lab_id\"],\"referencedColumns\":[\"id\"],\"referencedTable\":\"labs\",\"onDelete\":\"CASCADE\"}],\"columns\":[{\"name\":\"case_id\",\"type\":\"integer\",\"args\":[],\"defaultTo\":null,\"notNullable\":false,\"unsigned\":true},{\"name\":\"lab_id\",\"type\":\"integer\",\"args\":[],\"defaultTo\":null,\"notNullable\":false,\"unsigned\":true}]},{\"name\":\"cases_doctor_links\",\"indexes\":[{\"name\":\"cases_doctor_links_fk\",\"columns\":[\"case_id\"]},{\"name\":\"cases_doctor_links_inv_fk\",\"columns\":[\"doctor_id\"]}],\"foreignKeys\":[{\"name\":\"cases_doctor_links_fk\",\"columns\":[\"case_id\"],\"referencedColumns\":[\"id\"],\"referencedTable\":\"cases\",\"onDelete\":\"CASCADE\"},{\"name\":\"cases_doctor_links_inv_fk\",\"columns\":[\"doctor_id\"],\"referencedColumns\":[\"id\"],\"referencedTable\":\"doctors\",\"onDelete\":\"CASCADE\"}],\"columns\":[{\"name\":\"case_id\",\"type\":\"integer\",\"args\":[],\"defaultTo\":null,\"notNullable\":false,\"unsigned\":true},{\"name\":\"doctor_id\",\"type\":\"integer\",\"args\":[],\"defaultTo\":null,\"notNullable\":false,\"unsigned\":true}]}]}', '2022-06-12 01:29:22', '4697ebc75a62c4c7b5cdd0b99357f8fb');

-- --------------------------------------------------------

--
-- Table structure for table `strapi_migrations`
--

CREATE TABLE `strapi_migrations` (
  `id` int(10) UNSIGNED NOT NULL,
  `name` varchar(255) DEFAULT NULL,
  `time` datetime DEFAULT NULL
) ENGINE=InnoDB DEFAULT CHARSET=utf8mb4;

-- --------------------------------------------------------

--
-- Table structure for table `strapi_webhooks`
--

CREATE TABLE `strapi_webhooks` (
  `id` int(10) UNSIGNED NOT NULL,
  `name` varchar(255) DEFAULT NULL,
  `url` longtext DEFAULT NULL,
  `headers` longtext CHARACTER SET utf8mb4 COLLATE utf8mb4_bin DEFAULT NULL CHECK (json_valid(`headers`)),
  `events` longtext CHARACTER SET utf8mb4 COLLATE utf8mb4_bin DEFAULT NULL CHECK (json_valid(`events`)),
  `enabled` tinyint(1) DEFAULT NULL
) ENGINE=InnoDB DEFAULT CHARSET=utf8mb4;

-- --------------------------------------------------------

--
-- Table structure for table `up_permissions`
--

CREATE TABLE `up_permissions` (
  `id` int(10) UNSIGNED NOT NULL,
  `action` varchar(255) DEFAULT NULL,
  `created_at` datetime(6) DEFAULT NULL,
  `updated_at` datetime(6) DEFAULT NULL,
  `created_by_id` int(10) UNSIGNED DEFAULT NULL,
  `updated_by_id` int(10) UNSIGNED DEFAULT NULL
) ENGINE=InnoDB DEFAULT CHARSET=utf8mb4;

--
-- Dumping data for table `up_permissions`
--

INSERT INTO `up_permissions` (`id`, `action`, `created_at`, `updated_at`, `created_by_id`, `updated_by_id`) VALUES
(1, 'plugin::users-permissions.auth.connect', '2022-05-30 10:53:16.717000', '2022-05-30 10:53:16.717000', NULL, NULL),
(2, 'plugin::users-permissions.user.me', '2022-05-30 10:53:16.717000', '2022-05-30 10:53:16.717000', NULL, NULL),
(6, 'plugin::users-permissions.auth.callback', '2022-05-30 10:53:16.729000', '2022-05-30 10:53:16.729000', NULL, NULL),
(7, 'plugin::users-permissions.auth.connect', '2022-05-30 10:53:16.729000', '2022-05-30 10:53:16.729000', NULL, NULL),
(10, 'plugin::users-permissions.user.me', '2022-05-30 10:53:16.729000', '2022-05-30 10:53:16.729000', NULL, NULL),
(11, 'plugin::users-permissions.auth.register', '2022-05-30 10:53:16.729000', '2022-05-30 10:53:16.729000', NULL, NULL),
(12, 'api::case.case.find', '2022-05-30 11:19:51.123000', '2022-05-30 11:19:51.123000', NULL, NULL),
(13, 'api::case.case.findOne', '2022-05-30 11:19:51.123000', '2022-05-30 11:19:51.123000', NULL, NULL),
(14, 'api::case.case.create', '2022-05-30 11:19:51.123000', '2022-05-30 11:19:51.123000', NULL, NULL),
(15, 'api::case.case.update', '2022-05-30 11:19:51.123000', '2022-05-30 11:19:51.123000', NULL, NULL),
(16, 'api::cost.cost.find', '2022-05-30 11:19:51.123000', '2022-05-30 11:19:51.123000', NULL, NULL),
(17, 'api::case.case.delete', '2022-05-30 11:19:51.123000', '2022-05-30 11:19:51.123000', NULL, NULL),
(18, 'api::cost.cost.findOne', '2022-05-30 11:19:51.123000', '2022-05-30 11:19:51.123000', NULL, NULL),
(19, 'api::cost.cost.create', '2022-05-30 11:19:51.123000', '2022-05-30 11:19:51.123000', NULL, NULL),
(20, 'api::cost.cost.update', '2022-05-30 11:19:51.123000', '2022-05-30 11:19:51.123000', NULL, NULL),
(21, 'api::cost.cost.delete', '2022-05-30 11:19:51.123000', '2022-05-30 11:19:51.123000', NULL, NULL),
(26, 'api::lab.lab.find', '2022-05-30 11:19:51.123000', '2022-05-30 11:19:51.123000', NULL, NULL),
(28, 'api::lab.lab.findOne', '2022-05-30 11:19:51.123000', '2022-05-30 11:19:51.123000', NULL, NULL),
(29, 'api::lab.lab.create', '2022-05-30 11:19:51.123000', '2022-05-30 11:19:51.123000', NULL, NULL),
(30, 'api::lab.lab.update', '2022-05-30 11:19:51.123000', '2022-05-30 11:19:51.123000', NULL, NULL),
(31, 'api::lab.lab.delete', '2022-05-30 11:19:51.123000', '2022-05-30 11:19:51.123000', NULL, NULL),
(32, 'plugin::content-type-builder.components.getComponents', '2022-05-30 11:19:51.123000', '2022-05-30 11:19:51.123000', NULL, NULL),
(33, 'plugin::content-type-builder.components.getComponent', '2022-05-30 11:19:51.123000', '2022-05-30 11:19:51.123000', NULL, NULL),
(34, 'plugin::content-type-builder.content-types.getContentTypes', '2022-05-30 11:19:51.123000', '2022-05-30 11:19:51.123000', NULL, NULL),
(35, 'plugin::content-type-builder.content-types.getContentType', '2022-05-30 11:19:51.123000', '2022-05-30 11:19:51.123000', NULL, NULL),
(36, 'plugin::email.email.send', '2022-05-30 11:19:51.123000', '2022-05-30 11:19:51.123000', NULL, NULL),
(37, 'plugin::upload.content-api.find', '2022-05-30 11:19:51.123000', '2022-05-30 11:19:51.123000', NULL, NULL),
(38, 'plugin::upload.content-api.findOne', '2022-05-30 11:19:51.123000', '2022-05-30 11:19:51.123000', NULL, NULL),
(39, 'plugin::upload.content-api.count', '2022-05-30 11:19:51.123000', '2022-05-30 11:19:51.123000', NULL, NULL),
(40, 'plugin::upload.content-api.destroy', '2022-05-30 11:19:51.123000', '2022-05-30 11:19:51.123000', NULL, NULL),
(41, 'plugin::upload.content-api.upload', '2022-05-30 11:19:51.123000', '2022-05-30 11:19:51.123000', NULL, NULL),
(42, 'plugin::i18n.locales.listLocales', '2022-05-30 11:19:51.123000', '2022-05-30 11:19:51.123000', NULL, NULL),
(43, 'plugin::users-permissions.auth.callback', '2022-05-30 11:19:51.123000', '2022-05-30 11:19:51.123000', NULL, NULL),
(44, 'plugin::users-permissions.auth.resetPassword', '2022-05-30 11:19:51.123000', '2022-05-30 11:19:51.123000', NULL, NULL),
(45, 'plugin::users-permissions.auth.connect', '2022-05-30 11:19:51.123000', '2022-05-30 11:19:51.123000', NULL, NULL),
(46, 'plugin::users-permissions.auth.forgotPassword', '2022-05-30 11:19:51.123000', '2022-05-30 11:19:51.123000', NULL, NULL),
(47, 'plugin::users-permissions.auth.register', '2022-05-30 11:19:51.123000', '2022-05-30 11:19:51.123000', NULL, NULL),
(48, 'plugin::users-permissions.auth.emailConfirmation', '2022-05-30 11:19:51.123000', '2022-05-30 11:19:51.123000', NULL, NULL),
(49, 'plugin::users-permissions.auth.sendEmailConfirmation', '2022-05-30 11:19:51.123000', '2022-05-30 11:19:51.123000', NULL, NULL),
(50, 'plugin::users-permissions.user.create', '2022-05-30 11:19:51.123000', '2022-05-30 11:19:51.123000', NULL, NULL),
(51, 'plugin::users-permissions.user.update', '2022-05-30 11:19:51.123000', '2022-05-30 11:19:51.123000', NULL, NULL),
(52, 'plugin::users-permissions.user.find', '2022-05-30 11:19:51.123000', '2022-05-30 11:19:51.123000', NULL, NULL),
(53, 'plugin::users-permissions.user.findOne', '2022-05-30 11:19:51.123000', '2022-05-30 11:19:51.123000', NULL, NULL),
(54, 'plugin::users-permissions.user.count', '2022-05-30 11:19:51.123000', '2022-05-30 11:19:51.123000', NULL, NULL),
(55, 'plugin::users-permissions.user.destroy', '2022-05-30 11:19:51.123000', '2022-05-30 11:19:51.123000', NULL, NULL),
(56, 'plugin::users-permissions.user.me', '2022-05-30 11:19:51.123000', '2022-05-30 11:19:51.123000', NULL, NULL),
(57, 'plugin::users-permissions.role.findOne', '2022-05-30 11:19:51.123000', '2022-05-30 11:19:51.123000', NULL, NULL),
(58, 'plugin::users-permissions.role.createRole', '2022-05-30 11:19:51.123000', '2022-05-30 11:19:51.123000', NULL, NULL),
(59, 'plugin::users-permissions.role.find', '2022-05-30 11:19:51.123000', '2022-05-30 11:19:51.123000', NULL, NULL),
(60, 'plugin::users-permissions.role.deleteRole', '2022-05-30 11:19:51.123000', '2022-05-30 11:19:51.123000', NULL, NULL),
(61, 'plugin::users-permissions.role.updateRole', '2022-05-30 11:19:51.123000', '2022-05-30 11:19:51.123000', NULL, NULL),
(62, 'plugin::users-permissions.permissions.getPermissions', '2022-05-30 11:19:51.123000', '2022-05-30 11:19:51.123000', NULL, NULL);

-- --------------------------------------------------------

--
-- Table structure for table `up_permissions_role_links`
--

CREATE TABLE `up_permissions_role_links` (
  `permission_id` int(10) UNSIGNED DEFAULT NULL,
  `role_id` int(10) UNSIGNED DEFAULT NULL
) ENGINE=InnoDB DEFAULT CHARSET=utf8mb4;

--
-- Dumping data for table `up_permissions_role_links`
--

INSERT INTO `up_permissions_role_links` (`permission_id`, `role_id`) VALUES
(1, 1),
(2, 1),
(7, 2),
(6, 2),
(11, 2),
(10, 2),
(12, 3),
(13, 3),
(14, 3),
(16, 3),
(15, 3),
(19, 3),
(17, 3),
(18, 3),
(20, 3),
(21, 3),
(26, 3),
(28, 3),
(30, 3),
(29, 3),
(31, 3),
(33, 3),
(32, 3),
(34, 3),
(35, 3),
(36, 3),
(37, 3),
(39, 3),
(38, 3),
(40, 3),
(41, 3),
(42, 3),
(43, 3),
(44, 3),
(45, 3),
(46, 3),
(47, 3),
(48, 3),
(50, 3),
(49, 3),
(51, 3),
(52, 3),
(55, 3),
(56, 3),
(59, 3),
(54, 3),
(53, 3),
(57, 3),
(58, 3),
(60, 3),
(61, 3),
(62, 3);

-- --------------------------------------------------------

--
-- Table structure for table `up_roles`
--

CREATE TABLE `up_roles` (
  `id` int(10) UNSIGNED NOT NULL,
  `name` varchar(255) DEFAULT NULL,
  `description` varchar(255) DEFAULT NULL,
  `type` varchar(255) DEFAULT NULL,
  `created_at` datetime(6) DEFAULT NULL,
  `updated_at` datetime(6) DEFAULT NULL,
  `created_by_id` int(10) UNSIGNED DEFAULT NULL,
  `updated_by_id` int(10) UNSIGNED DEFAULT NULL
) ENGINE=InnoDB DEFAULT CHARSET=utf8mb4;

--
-- Dumping data for table `up_roles`
--

INSERT INTO `up_roles` (`id`, `name`, `description`, `type`, `created_at`, `updated_at`, `created_by_id`, `updated_by_id`) VALUES
(1, 'Authenticated', 'Default role given to authenticated user.', 'authenticated', '2022-05-30 10:53:16.704000', '2022-05-30 10:53:16.704000', NULL, NULL),
(2, 'Public', 'Default role given to unauthenticated user.', 'public', '2022-05-30 10:53:16.708000', '2022-05-30 10:53:16.708000', NULL, NULL),
(3, 'Admin', 'The Admin of the Application', 'admin', '2022-05-30 11:19:51.117000', '2022-05-30 11:19:51.117000', NULL, NULL);

-- --------------------------------------------------------

--
-- Table structure for table `up_users`
--

CREATE TABLE `up_users` (
  `id` int(10) UNSIGNED NOT NULL,
  `username` varchar(255) DEFAULT NULL,
  `email` varchar(255) DEFAULT NULL,
  `provider` varchar(255) DEFAULT NULL,
  `password` varchar(255) DEFAULT NULL,
  `reset_password_token` varchar(255) DEFAULT NULL,
  `confirmation_token` varchar(255) DEFAULT NULL,
  `confirmed` tinyint(1) DEFAULT NULL,
  `blocked` tinyint(1) DEFAULT NULL,
  `created_at` datetime(6) DEFAULT NULL,
  `updated_at` datetime(6) DEFAULT NULL,
  `created_by_id` int(10) UNSIGNED DEFAULT NULL,
  `updated_by_id` int(10) UNSIGNED DEFAULT NULL
) ENGINE=InnoDB DEFAULT CHARSET=utf8mb4;

--
-- Dumping data for table `up_users`
--

INSERT INTO `up_users` (`id`, `username`, `email`, `provider`, `password`, `reset_password_token`, `confirmation_token`, `confirmed`, `blocked`, `created_at`, `updated_at`, `created_by_id`, `updated_by_id`) VALUES
(1, 'ayub', 'ayubgardy898@gmail.com', 'local', '$2a$10$Qoteg7nJFyzLxsmbDpNZFOGswLV9cFm4shtrgeFWBprYRyqUvV6rS', NULL, NULL, 1, 0, '2022-05-30 11:18:32.470000', '2022-05-30 11:20:08.322000', 1, 1);

-- --------------------------------------------------------

--
-- Table structure for table `up_users_role_links`
--

CREATE TABLE `up_users_role_links` (
  `user_id` int(10) UNSIGNED DEFAULT NULL,
  `role_id` int(10) UNSIGNED DEFAULT NULL
) ENGINE=InnoDB DEFAULT CHARSET=utf8mb4;

--
-- Dumping data for table `up_users_role_links`
--

INSERT INTO `up_users_role_links` (`user_id`, `role_id`) VALUES
(1, 3);

--
-- Indexes for dumped tables
--

--
-- Indexes for table `admin_permissions`
--
ALTER TABLE `admin_permissions`
  ADD PRIMARY KEY (`id`),
  ADD KEY `admin_permissions_created_by_id_fk` (`created_by_id`),
  ADD KEY `admin_permissions_updated_by_id_fk` (`updated_by_id`);

--
-- Indexes for table `admin_permissions_role_links`
--
ALTER TABLE `admin_permissions_role_links`
  ADD KEY `admin_permissions_role_links_fk` (`permission_id`),
  ADD KEY `admin_permissions_role_links_inv_fk` (`role_id`);

--
-- Indexes for table `admin_roles`
--
ALTER TABLE `admin_roles`
  ADD PRIMARY KEY (`id`),
  ADD KEY `admin_roles_created_by_id_fk` (`created_by_id`),
  ADD KEY `admin_roles_updated_by_id_fk` (`updated_by_id`);

--
-- Indexes for table `admin_users`
--
ALTER TABLE `admin_users`
  ADD PRIMARY KEY (`id`),
  ADD KEY `admin_users_created_by_id_fk` (`created_by_id`),
  ADD KEY `admin_users_updated_by_id_fk` (`updated_by_id`);

--
-- Indexes for table `admin_users_roles_links`
--
ALTER TABLE `admin_users_roles_links`
  ADD KEY `admin_users_roles_links_fk` (`user_id`),
  ADD KEY `admin_users_roles_links_inv_fk` (`role_id`);

--
-- Indexes for table `cases`
--
ALTER TABLE `cases`
  ADD PRIMARY KEY (`id`),
  ADD KEY `cases_created_by_id_fk` (`created_by_id`),
  ADD KEY `cases_updated_by_id_fk` (`updated_by_id`);

--
-- Indexes for table `cases_doctor_links`
--
ALTER TABLE `cases_doctor_links`
  ADD KEY `cases_doctor_links_fk` (`case_id`),
  ADD KEY `cases_doctor_links_inv_fk` (`doctor_id`);

--
-- Indexes for table `cases_lab_links`
--
ALTER TABLE `cases_lab_links`
  ADD KEY `cases_lab_links_fk` (`case_id`),
  ADD KEY `cases_lab_links_inv_fk` (`lab_id`);

--
-- Indexes for table `costs`
--
ALTER TABLE `costs`
  ADD PRIMARY KEY (`id`),
  ADD KEY `costs_created_by_id_fk` (`created_by_id`),
  ADD KEY `costs_updated_by_id_fk` (`updated_by_id`);

--
-- Indexes for table `doctors`
--
ALTER TABLE `doctors`
  ADD PRIMARY KEY (`id`),
  ADD KEY `doctors_created_by_id_fk` (`created_by_id`),
  ADD KEY `doctors_updated_by_id_fk` (`updated_by_id`);

--
-- Indexes for table `files`
--
ALTER TABLE `files`
  ADD PRIMARY KEY (`id`),
  ADD KEY `files_created_by_id_fk` (`created_by_id`),
  ADD KEY `files_updated_by_id_fk` (`updated_by_id`);

--
-- Indexes for table `files_related_morphs`
--
ALTER TABLE `files_related_morphs`
  ADD KEY `files_related_morphs_fk` (`file_id`);

--
-- Indexes for table `i18n_locale`
--
ALTER TABLE `i18n_locale`
  ADD PRIMARY KEY (`id`),
  ADD KEY `i18n_locale_created_by_id_fk` (`created_by_id`),
  ADD KEY `i18n_locale_updated_by_id_fk` (`updated_by_id`);

--
-- Indexes for table `labs`
--
ALTER TABLE `labs`
  ADD PRIMARY KEY (`id`),
  ADD KEY `labs_created_by_id_fk` (`created_by_id`),
  ADD KEY `labs_updated_by_id_fk` (`updated_by_id`);

--
-- Indexes for table `strapi_api_tokens`
--
ALTER TABLE `strapi_api_tokens`
  ADD PRIMARY KEY (`id`),
  ADD KEY `strapi_api_tokens_created_by_id_fk` (`created_by_id`),
  ADD KEY `strapi_api_tokens_updated_by_id_fk` (`updated_by_id`);

--
-- Indexes for table `strapi_core_store_settings`
--
ALTER TABLE `strapi_core_store_settings`
  ADD PRIMARY KEY (`id`);

--
-- Indexes for table `strapi_database_schema`
--
ALTER TABLE `strapi_database_schema`
  ADD PRIMARY KEY (`id`);

--
-- Indexes for table `strapi_migrations`
--
ALTER TABLE `strapi_migrations`
  ADD PRIMARY KEY (`id`);

--
-- Indexes for table `strapi_webhooks`
--
ALTER TABLE `strapi_webhooks`
  ADD PRIMARY KEY (`id`);

--
-- Indexes for table `up_permissions`
--
ALTER TABLE `up_permissions`
  ADD PRIMARY KEY (`id`),
  ADD KEY `up_permissions_created_by_id_fk` (`created_by_id`),
  ADD KEY `up_permissions_updated_by_id_fk` (`updated_by_id`);

--
-- Indexes for table `up_permissions_role_links`
--
ALTER TABLE `up_permissions_role_links`
  ADD KEY `up_permissions_role_links_fk` (`permission_id`),
  ADD KEY `up_permissions_role_links_inv_fk` (`role_id`);

--
-- Indexes for table `up_roles`
--
ALTER TABLE `up_roles`
  ADD PRIMARY KEY (`id`),
  ADD KEY `up_roles_created_by_id_fk` (`created_by_id`),
  ADD KEY `up_roles_updated_by_id_fk` (`updated_by_id`);

--
-- Indexes for table `up_users`
--
ALTER TABLE `up_users`
  ADD PRIMARY KEY (`id`),
  ADD KEY `up_users_created_by_id_fk` (`created_by_id`),
  ADD KEY `up_users_updated_by_id_fk` (`updated_by_id`);

--
-- Indexes for table `up_users_role_links`
--
ALTER TABLE `up_users_role_links`
  ADD KEY `up_users_role_links_fk` (`user_id`),
  ADD KEY `up_users_role_links_inv_fk` (`role_id`);

--
-- AUTO_INCREMENT for dumped tables
--

--
-- AUTO_INCREMENT for table `admin_permissions`
--
ALTER TABLE `admin_permissions`
  MODIFY `id` int(10) UNSIGNED NOT NULL AUTO_INCREMENT, AUTO_INCREMENT=147;

--
-- AUTO_INCREMENT for table `admin_roles`
--
ALTER TABLE `admin_roles`
  MODIFY `id` int(10) UNSIGNED NOT NULL AUTO_INCREMENT, AUTO_INCREMENT=4;

--
-- AUTO_INCREMENT for table `admin_users`
--
ALTER TABLE `admin_users`
  MODIFY `id` int(10) UNSIGNED NOT NULL AUTO_INCREMENT, AUTO_INCREMENT=2;

--
-- AUTO_INCREMENT for table `cases`
--
ALTER TABLE `cases`
  MODIFY `id` int(10) UNSIGNED NOT NULL AUTO_INCREMENT, AUTO_INCREMENT=5;

--
-- AUTO_INCREMENT for table `costs`
--
ALTER TABLE `costs`
  MODIFY `id` int(10) UNSIGNED NOT NULL AUTO_INCREMENT, AUTO_INCREMENT=2;

--
-- AUTO_INCREMENT for table `doctors`
--
ALTER TABLE `doctors`
  MODIFY `id` int(10) UNSIGNED NOT NULL AUTO_INCREMENT, AUTO_INCREMENT=1002;

--
-- AUTO_INCREMENT for table `files`
--
ALTER TABLE `files`
  MODIFY `id` int(10) UNSIGNED NOT NULL AUTO_INCREMENT;

--
-- AUTO_INCREMENT for table `i18n_locale`
--
ALTER TABLE `i18n_locale`
  MODIFY `id` int(10) UNSIGNED NOT NULL AUTO_INCREMENT, AUTO_INCREMENT=2;

--
-- AUTO_INCREMENT for table `labs`
--
ALTER TABLE `labs`
  MODIFY `id` int(10) UNSIGNED NOT NULL AUTO_INCREMENT, AUTO_INCREMENT=3;

--
-- AUTO_INCREMENT for table `strapi_api_tokens`
--
ALTER TABLE `strapi_api_tokens`
  MODIFY `id` int(10) UNSIGNED NOT NULL AUTO_INCREMENT, AUTO_INCREMENT=3;

--
-- AUTO_INCREMENT for table `strapi_core_store_settings`
--
ALTER TABLE `strapi_core_store_settings`
  MODIFY `id` int(10) UNSIGNED NOT NULL AUTO_INCREMENT, AUTO_INCREMENT=22;

--
-- AUTO_INCREMENT for table `strapi_database_schema`
--
ALTER TABLE `strapi_database_schema`
  MODIFY `id` int(10) UNSIGNED NOT NULL AUTO_INCREMENT, AUTO_INCREMENT=9;

--
-- AUTO_INCREMENT for table `strapi_migrations`
--
ALTER TABLE `strapi_migrations`
  MODIFY `id` int(10) UNSIGNED NOT NULL AUTO_INCREMENT;

--
-- AUTO_INCREMENT for table `strapi_webhooks`
--
ALTER TABLE `strapi_webhooks`
  MODIFY `id` int(10) UNSIGNED NOT NULL AUTO_INCREMENT;

--
-- AUTO_INCREMENT for table `up_permissions`
--
ALTER TABLE `up_permissions`
  MODIFY `id` int(10) UNSIGNED NOT NULL AUTO_INCREMENT, AUTO_INCREMENT=63;

--
-- AUTO_INCREMENT for table `up_roles`
--
ALTER TABLE `up_roles`
  MODIFY `id` int(10) UNSIGNED NOT NULL AUTO_INCREMENT, AUTO_INCREMENT=4;

--
-- AUTO_INCREMENT for table `up_users`
--
ALTER TABLE `up_users`
  MODIFY `id` int(10) UNSIGNED NOT NULL AUTO_INCREMENT, AUTO_INCREMENT=2;

--
-- Constraints for dumped tables
--

--
-- Constraints for table `admin_permissions`
--
ALTER TABLE `admin_permissions`
  ADD CONSTRAINT `admin_permissions_created_by_id_fk` FOREIGN KEY (`created_by_id`) REFERENCES `admin_users` (`id`) ON DELETE SET NULL,
  ADD CONSTRAINT `admin_permissions_updated_by_id_fk` FOREIGN KEY (`updated_by_id`) REFERENCES `admin_users` (`id`) ON DELETE SET NULL;

--
-- Constraints for table `admin_permissions_role_links`
--
ALTER TABLE `admin_permissions_role_links`
  ADD CONSTRAINT `admin_permissions_role_links_fk` FOREIGN KEY (`permission_id`) REFERENCES `admin_permissions` (`id`) ON DELETE CASCADE,
  ADD CONSTRAINT `admin_permissions_role_links_inv_fk` FOREIGN KEY (`role_id`) REFERENCES `admin_roles` (`id`) ON DELETE CASCADE;

--
-- Constraints for table `admin_roles`
--
ALTER TABLE `admin_roles`
  ADD CONSTRAINT `admin_roles_created_by_id_fk` FOREIGN KEY (`created_by_id`) REFERENCES `admin_users` (`id`) ON DELETE SET NULL,
  ADD CONSTRAINT `admin_roles_updated_by_id_fk` FOREIGN KEY (`updated_by_id`) REFERENCES `admin_users` (`id`) ON DELETE SET NULL;

--
-- Constraints for table `admin_users`
--
ALTER TABLE `admin_users`
  ADD CONSTRAINT `admin_users_created_by_id_fk` FOREIGN KEY (`created_by_id`) REFERENCES `admin_users` (`id`) ON DELETE SET NULL,
  ADD CONSTRAINT `admin_users_updated_by_id_fk` FOREIGN KEY (`updated_by_id`) REFERENCES `admin_users` (`id`) ON DELETE SET NULL;

--
-- Constraints for table `admin_users_roles_links`
--
ALTER TABLE `admin_users_roles_links`
  ADD CONSTRAINT `admin_users_roles_links_fk` FOREIGN KEY (`user_id`) REFERENCES `admin_users` (`id`) ON DELETE CASCADE,
  ADD CONSTRAINT `admin_users_roles_links_inv_fk` FOREIGN KEY (`role_id`) REFERENCES `admin_roles` (`id`) ON DELETE CASCADE;

--
-- Constraints for table `cases`
--
ALTER TABLE `cases`
  ADD CONSTRAINT `cases_created_by_id_fk` FOREIGN KEY (`created_by_id`) REFERENCES `admin_users` (`id`) ON DELETE SET NULL,
  ADD CONSTRAINT `cases_updated_by_id_fk` FOREIGN KEY (`updated_by_id`) REFERENCES `admin_users` (`id`) ON DELETE SET NULL;

--
-- Constraints for table `cases_doctor_links`
--
ALTER TABLE `cases_doctor_links`
  ADD CONSTRAINT `cases_doctor_links_fk` FOREIGN KEY (`case_id`) REFERENCES `cases` (`id`) ON DELETE CASCADE,
  ADD CONSTRAINT `cases_doctor_links_inv_fk` FOREIGN KEY (`doctor_id`) REFERENCES `doctors` (`id`) ON DELETE CASCADE;

--
-- Constraints for table `cases_lab_links`
--
ALTER TABLE `cases_lab_links`
  ADD CONSTRAINT `cases_lab_links_fk` FOREIGN KEY (`case_id`) REFERENCES `cases` (`id`) ON DELETE CASCADE,
  ADD CONSTRAINT `cases_lab_links_inv_fk` FOREIGN KEY (`lab_id`) REFERENCES `labs` (`id`) ON DELETE CASCADE;

--
-- Constraints for table `costs`
--
ALTER TABLE `costs`
  ADD CONSTRAINT `costs_created_by_id_fk` FOREIGN KEY (`created_by_id`) REFERENCES `admin_users` (`id`) ON DELETE SET NULL,
  ADD CONSTRAINT `costs_updated_by_id_fk` FOREIGN KEY (`updated_by_id`) REFERENCES `admin_users` (`id`) ON DELETE SET NULL;

--
-- Constraints for table `doctors`
--
ALTER TABLE `doctors`
  ADD CONSTRAINT `doctors_created_by_id_fk` FOREIGN KEY (`created_by_id`) REFERENCES `admin_users` (`id`) ON DELETE SET NULL,
  ADD CONSTRAINT `doctors_updated_by_id_fk` FOREIGN KEY (`updated_by_id`) REFERENCES `admin_users` (`id`) ON DELETE SET NULL;

--
-- Constraints for table `files`
--
ALTER TABLE `files`
  ADD CONSTRAINT `files_created_by_id_fk` FOREIGN KEY (`created_by_id`) REFERENCES `admin_users` (`id`) ON DELETE SET NULL,
  ADD CONSTRAINT `files_updated_by_id_fk` FOREIGN KEY (`updated_by_id`) REFERENCES `admin_users` (`id`) ON DELETE SET NULL;

--
-- Constraints for table `files_related_morphs`
--
ALTER TABLE `files_related_morphs`
  ADD CONSTRAINT `files_related_morphs_fk` FOREIGN KEY (`file_id`) REFERENCES `files` (`id`) ON DELETE CASCADE;

--
-- Constraints for table `i18n_locale`
--
ALTER TABLE `i18n_locale`
  ADD CONSTRAINT `i18n_locale_created_by_id_fk` FOREIGN KEY (`created_by_id`) REFERENCES `admin_users` (`id`) ON DELETE SET NULL,
  ADD CONSTRAINT `i18n_locale_updated_by_id_fk` FOREIGN KEY (`updated_by_id`) REFERENCES `admin_users` (`id`) ON DELETE SET NULL;

--
-- Constraints for table `labs`
--
ALTER TABLE `labs`
  ADD CONSTRAINT `labs_created_by_id_fk` FOREIGN KEY (`created_by_id`) REFERENCES `admin_users` (`id`) ON DELETE SET NULL,
  ADD CONSTRAINT `labs_updated_by_id_fk` FOREIGN KEY (`updated_by_id`) REFERENCES `admin_users` (`id`) ON DELETE SET NULL;

--
-- Constraints for table `strapi_api_tokens`
--
ALTER TABLE `strapi_api_tokens`
  ADD CONSTRAINT `strapi_api_tokens_created_by_id_fk` FOREIGN KEY (`created_by_id`) REFERENCES `admin_users` (`id`) ON DELETE SET NULL,
  ADD CONSTRAINT `strapi_api_tokens_updated_by_id_fk` FOREIGN KEY (`updated_by_id`) REFERENCES `admin_users` (`id`) ON DELETE SET NULL;

--
-- Constraints for table `up_permissions`
--
ALTER TABLE `up_permissions`
  ADD CONSTRAINT `up_permissions_created_by_id_fk` FOREIGN KEY (`created_by_id`) REFERENCES `admin_users` (`id`) ON DELETE SET NULL,
  ADD CONSTRAINT `up_permissions_updated_by_id_fk` FOREIGN KEY (`updated_by_id`) REFERENCES `admin_users` (`id`) ON DELETE SET NULL;

--
-- Constraints for table `up_permissions_role_links`
--
ALTER TABLE `up_permissions_role_links`
  ADD CONSTRAINT `up_permissions_role_links_fk` FOREIGN KEY (`permission_id`) REFERENCES `up_permissions` (`id`) ON DELETE CASCADE,
  ADD CONSTRAINT `up_permissions_role_links_inv_fk` FOREIGN KEY (`role_id`) REFERENCES `up_roles` (`id`) ON DELETE CASCADE;

--
-- Constraints for table `up_roles`
--
ALTER TABLE `up_roles`
  ADD CONSTRAINT `up_roles_created_by_id_fk` FOREIGN KEY (`created_by_id`) REFERENCES `admin_users` (`id`) ON DELETE SET NULL,
  ADD CONSTRAINT `up_roles_updated_by_id_fk` FOREIGN KEY (`updated_by_id`) REFERENCES `admin_users` (`id`) ON DELETE SET NULL;

--
-- Constraints for table `up_users`
--
ALTER TABLE `up_users`
  ADD CONSTRAINT `up_users_created_by_id_fk` FOREIGN KEY (`created_by_id`) REFERENCES `admin_users` (`id`) ON DELETE SET NULL,
  ADD CONSTRAINT `up_users_updated_by_id_fk` FOREIGN KEY (`updated_by_id`) REFERENCES `admin_users` (`id`) ON DELETE SET NULL;

--
-- Constraints for table `up_users_role_links`
--
ALTER TABLE `up_users_role_links`
  ADD CONSTRAINT `up_users_role_links_fk` FOREIGN KEY (`user_id`) REFERENCES `up_users` (`id`) ON DELETE CASCADE,
  ADD CONSTRAINT `up_users_role_links_inv_fk` FOREIGN KEY (`role_id`) REFERENCES `up_roles` (`id`) ON DELETE CASCADE;
COMMIT;

/*!40101 SET CHARACTER_SET_CLIENT=@OLD_CHARACTER_SET_CLIENT */;
/*!40101 SET CHARACTER_SET_RESULTS=@OLD_CHARACTER_SET_RESULTS */;
/*!40101 SET COLLATION_CONNECTION=@OLD_COLLATION_CONNECTION */;
